village,hh,leader,adopter
0,0,0,0
0,1,1,0
0,2,1,0
0,3,0,0
0,4,0,0
0,5,0,0
0,6,0,0
0,7,0,0
0,8,0,0
0,9,0,0
0,10,0,0
0,11,0,1
0,12,0,1
0,13,0,1
0,14,1,0
0,15,0,0
0,16,0,0
0,17,1,0
0,18,0,0
0,19,0,0
0,20,0,0
0,21,0,0
0,22,0,0
0,23,1,0
0,24,0,0
0,25,0,0
0,26,0,0
0,27,1,0
0,28,0,0
0,29,0,0
0,30,0,0
0,31,0,0
0,32,0,0
0,33,0,0
0,34,0,0
0,35,1,0
0,36,0,0
0,37,0,0
0,38,0,0
0,39,0,0
0,40,1,0
0,41,1,0
0,42,0,0
0,43,1,0
0,44,0,1
0,45,0,0
0,46,0,0
0,47,0,0
0,48,0,0
0,49,0,0
0,50,0,0
0,51,0,0
0,52,0,0
0,53,0,0
0,54,0,0
0,55,1,0
0,56,0,0
0,57,0,1
0,58,1,1
0,59,0,0
0,60,1,0
0,61,0,1
0,62,0,1
0,63,0,1
0,64,0,0
0,65,0,1
0,66,0,1
0,67,0,1
0,68,0,1
0,69,0,1
0,70,0,0
0,71,0,0
0,72,0,0
0,73,0,0
0,74,0,0
0,75,0,1
0,76,1,0
0,77,1,1
0,78,0,1
0,79,0,1
0,80,0,0
0,81,0,1
0,82,0,0
0,83,0,0
0,84,0,0
0,85,0,0
0,86,1,0
0,87,0,0
0,88,0,0
0,89,0,1
0,90,1,0
0,91,0,0
0,92,0,1
0,93,0,0
0,94,0,0
0,95,0,0
0,96,0,0
0,97,0,0
0,98,0,1
0,99,0,0
0,100,0,0
0,101,0,0
0,102,0,0
0,103,0,0
0,104,0,0
0,105,0,0
0,106,0,0
0,107,0,0
0,108,0,1
0,109,0,1
0,110,0,0
0,111,0,0
0,112,0,0
0,113,0,0
0,114,0,1
0,115,0,0
0,116,0,1
0,117,0,1
0,118,0,0
0,119,0,1
0,120,0,0
0,121,0,1
0,122,0,1
0,123,0,1
0,124,1,0
0,125,0,1
0,126,0,0
0,127,0,0
0,128,0,0
0,129,0,0
0,130,0,0
0,131,1,0
0,132,1,0
0,133,0,1
0,134,1,0
0,135,0,1
0,136,0,1
0,137,0,0
0,138,1,0
0,139,0,0
0,140,0,0
0,141,0,0
0,142,0,0
0,143,0,0
0,144,0,1
0,145,0,0
0,146,0,0
0,147,0,0
0,148,0,0
0,149,0,0
0,150,0,0
0,151,0,1
0,152,0,0
0,153,0,1
0,154,0,1
0,155,1,0
0,156,0,0
0,157,0,0
0,158,0,0
0,159,0,0
0,160,0,0
0,161,1,0
0,162,0,1
0,163,0,0
0,164,0,0
0,165,0,0
0,166,0,0
0,167,0,0
0,168,0,0
0,169,0,0
0,170,0,0
0,171,1,0
0,172,0,0
0,173,0,0
0,174,0,0
0,175,1,0
0,176,1,0
0,177,1,0
0,178,0,0
0,179,0,1
0,180,0,0
0,181,0,0
1,0,1,1
1,1,0,0
1,2,0,0
1,3,0,0
1,4,0,0
1,5,0,1
1,6,1,0
1,7,0,0
1,8,0,1
1,9,0,0
1,10,0,0
1,11,0,0
1,12,0,0
1,13,0,0
1,14,0,0
1,15,0,0
1,16,0,0
1,17,0,0
1,18,0,0
1,19,0,0
1,20,0,0
1,21,0,0
1,22,0,0
1,23,0,0
1,24,0,0
1,25,0,1
1,26,0,1
1,27,0,0
1,28,0,1
1,29,0,0
1,30,0,0
1,31,0,0
1,32,0,0
1,33,0,1
1,34,0,0
1,35,1,0
1,36,0,0
1,37,0,0
1,38,0,0
1,39,0,0
1,40,0,1
1,41,1,0
1,42,0,0
1,43,0,0
1,44,0,1
1,45,1,1
1,46,0,0
1,47,0,0
1,48,0,0
1,49,0,0
1,50,1,0
1,51,0,0
1,52,0,1
1,53,1,0
1,54,1,1
1,55,0,0
1,56,1,0
1,57,0,0
1,58,0,1
1,59,0,0
1,60,0,0
1,61,0,0
1,62,0,0
1,63,0,0
1,64,0,0
1,65,0,0
1,66,1,0
1,67,0,0
1,68,1,0
1,69,0,0
1,70,0,0
1,71,0,0
1,72,0,0
1,73,0,0
1,74,0,1
1,75,0,1
1,76,0,0
1,77,0,0
1,78,0,0
1,79,0,0
1,80,0,1
1,81,0,0
1,82,0,0
1,83,0,1
1,84,0,0
1,85,0,0
1,86,0,1
1,87,0,0
1,88,0,0
1,89,0,0
1,90,0,0
1,91,0,1
1,92,0,1
1,93,0,0
1,94,0,0
1,95,0,0
1,96,0,0
1,97,0,0
1,98,0,0
1,99,0,0
1,100,0,1
1,101,0,0
1,102,0,0
1,103,0,0
1,104,0,0
1,105,0,0
1,106,0,0
1,107,0,0
1,108,0,0
1,109,1,1
1,110,0,0
1,111,0,0
1,112,0,0
1,113,0,0
1,114,0,0
1,115,0,0
1,116,0,0
1,117,0,0
1,118,0,0
1,119,0,1
1,120,0,1
1,121,0,1
1,122,1,0
1,123,0,0
1,124,0,0
1,125,0,0
1,126,0,0
1,127,1,0
1,128,0,0
1,129,1,0
1,130,0,1
1,131,0,0
1,132,0,1
1,133,0,0
1,134,0,0
1,135,0,0
1,136,0,0
1,137,0,1
1,138,0,0
1,139,0,0
1,140,1,0
1,141,0,0
1,142,0,0
1,143,0,0
1,144,1,0
1,145,0,1
1,146,0,0
1,147,0,0
1,148,0,0
1,149,0,0
1,150,0,0
1,151,0,0
1,152,0,0
1,153,0,0
1,154,0,0
1,155,0,0
1,156,0,0
1,157,0,0
1,158,0,0
1,159,0,0
1,160,0,0
1,161,1,0
1,162,0,0
1,163,0,0
1,164,0,0
1,165,0,0
1,166,0,0
1,167,0,0
1,168,0,0
1,169,0,0
1,170,0,0
1,171,0,0
1,172,1,0
1,173,1,0
1,174,0,1
1,175,0,0
1,176,0,1
1,177,0,0
1,178,0,1
1,179,0,0
1,180,0,0
1,181,0,0
1,182,0,1
1,183,0,0
1,184,0,0
1,185,0,0
1,186,0,0
1,187,1,1
1,188,1,0
1,189,0,1
1,190,0,1
1,191,0,1
1,192,0,1
1,193,0,0
1,194,0,0
2,0,1,0
2,1,0,0
2,2,0,0
2,3,0,1
2,4,1,0
2,5,0,0
2,6,0,0
2,7,0,0
2,8,0,0
2,9,0,0
2,10,1,1
2,11,0,0
2,12,0,1
2,13,0,0
2,14,0,1
2,15,0,0
2,16,0,0
2,17,0,1
2,18,0,1
2,19,0,1
2,20,0,1
2,21,0,0
2,22,0,0
2,23,1,0
2,24,1,1
2,25,0,0
2,26,0,1
2,27,1,0
2,28,0,1
2,29,1,0
2,30,1,0
2,31,0,0
2,32,1,0
2,33,1,0
2,34,0,1
2,35,0,0
2,36,0,0
2,37,0,1
2,38,0,0
2,39,0,0
2,40,0,0
2,41,0,0
2,42,1,0
2,43,0,1
2,44,0,0
2,45,0,0
2,46,0,0
2,47,0,1
2,48,0,1
2,49,0,1
2,50,0,0
2,51,0,0
2,52,0,0
2,53,0,0
2,54,0,0
2,55,0,0
2,56,0,0
2,57,0,0
2,58,0,0
2,59,0,0
2,60,0,0
2,61,0,0
2,62,1,0
2,63,0,0
2,64,0,0
2,65,0,0
2,66,0,1
2,67,0,1
2,68,0,0
2,69,0,0
2,70,0,0
2,71,1,0
2,72,0,1
2,73,1,0
2,74,1,0
2,75,1,0
2,76,1,1
2,77,0,0
2,78,0,0
2,79,1,0
2,80,0,0
2,81,1,0
2,82,1,0
2,83,0,0
2,84,1,0
2,85,0,0
2,86,1,0
2,87,0,0
2,88,0,0
2,89,0,0
2,90,0,0
2,91,0,0
2,92,0,0
2,93,0,0
2,94,0,1
2,95,0,0
2,96,0,0
2,97,1,0
2,98,0,0
2,99,0,0
2,100,0,0
2,101,0,0
2,102,0,0
2,103,0,0
2,104,0,0
2,105,1,0
2,106,0,0
2,107,0,0
2,108,0,0
2,109,0,0
2,110,0,0
2,111,0,0
2,112,0,0
2,113,0,0
2,114,0,0
2,115,0,0
2,116,0,0
2,117,0,0
2,118,0,0
2,119,0,0
2,120,0,0
2,121,0,0
2,122,0,0
2,123,0,0
2,124,0,0
2,125,0,0
2,126,0,0
2,127,0,0
2,128,0,0
2,129,0,0
2,130,0,0
2,131,0,0
2,132,0,0
2,133,0,0
2,134,0,0
2,135,0,0
2,136,0,0
2,137,0,0
2,138,0,0
2,139,0,0
2,140,1,0
2,141,0,0
2,142,0,0
2,143,0,0
2,144,0,0
2,145,0,0
2,146,0,0
2,147,0,0
2,148,0,0
2,149,1,0
2,150,0,0
2,151,0,0
2,152,0,0
2,153,0,0
2,154,0,0
2,155,0,0
2,156,0,0
2,157,0,0
2,158,0,0
2,159,0,0
2,160,0,1
2,161,0,0
2,162,0,0
2,163,0,0
2,164,0,0
2,165,0,0
2,166,0,0
2,167,1,0
2,168,0,0
2,169,0,0
2,170,1,1
2,171,0,0
2,172,0,0
2,173,0,0
2,174,0,0
2,175,0,0
2,176,0,0
2,177,0,0
2,178,0,0
2,179,0,0
2,180,0,0
2,181,0,0
2,182,0,1
2,183,0,0
2,184,0,0
2,185,0,0
2,186,1,0
2,187,0,0
2,188,0,0
2,189,0,0
2,190,0,0
2,191,1,0
2,192,0,1
2,193,0,0
2,194,0,0
2,195,1,0
2,196,0,0
2,197,0,0
2,198,0,0
2,199,0,0
2,200,0,0
2,201,0,1
2,202,0,0
2,203,0,0
2,204,0,0
2,205,0,0
2,206,0,0
2,207,0,0
2,208,0,0
2,209,0,0
2,210,0,0
2,211,0,0
2,212,0,0
2,213,0,0
2,214,0,0
2,215,0,0
2,216,0,0
2,217,0,0
2,218,0,0
2,219,0,0
2,220,0,0
2,221,0,0
2,222,0,0
2,223,0,0
2,224,0,0
2,225,0,0
2,226,0,0
2,227,0,0
2,228,0,0
2,229,0,1
2,230,0,0
2,231,0,0
2,232,0,0
2,233,0,0
2,234,0,0
2,235,0,0
2,236,0,0
2,237,0,1
2,238,0,0
2,239,0,0
2,240,0,1
2,241,1,0
2,242,0,0
2,243,0,0
2,244,0,1
2,245,0,0
2,246,0,0
2,247,0,0
2,248,0,0
2,249,0,0
2,250,0,1
2,251,0,0
2,252,0,1
2,253,0,0
2,254,0,1
2,255,0,0
2,256,0,0
2,257,0,1
2,258,0,0
2,259,0,0
2,260,0,0
2,261,0,0
2,262,0,0
2,263,0,0
2,264,0,1
2,265,0,1
2,266,0,0
2,267,0,1
2,268,0,1
2,269,1,0
2,270,0,0
2,271,0,0
2,272,0,1
2,273,1,1
2,274,1,0
2,275,0,0
2,276,0,0
2,277,0,0
2,278,0,1
2,279,0,0
2,280,0,1
2,281,0,0
2,282,0,1
2,283,0,1
2,284,0,0
2,285,0,1
2,286,0,0
2,287,0,1
2,288,0,0
2,289,0,0
2,290,0,0
2,291,0,1
3,0,0,0
3,1,0,0
3,2,0,0
3,3,0,0
3,4,0,0
3,5,0,0
3,6,0,0
3,7,0,0
3,8,0,0
3,9,1,0
3,10,0,0
3,11,0,0
3,12,0,0
3,13,0,0
3,14,0,0
3,15,0,0
3,16,0,0
3,17,0,0
3,18,0,0
3,19,0,0
3,20,0,0
3,21,0,0
3,22,0,0
3,23,0,0
3,24,0,0
3,25,0,0
3,26,0,0
3,27,0,0
3,28,0,0
3,29,1,0
3,30,0,0
3,31,0,0
3,32,0,0
3,33,0,0
3,34,0,0
3,35,0,0
3,36,0,0
3,37,0,0
3,38,0,0
3,39,0,1
3,40,0,0
3,41,0,0
3,42,0,1
3,43,0,0
3,44,0,0
3,45,0,0
3,46,0,0
3,47,0,0
3,48,0,0
3,49,0,0
3,50,0,0
3,51,0,0
3,52,1,0
3,53,0,0
3,54,1,0
3,55,0,0
3,56,0,0
3,57,0,0
3,58,0,0
3,59,0,1
3,60,0,0
3,61,0,0
3,62,0,0
3,63,1,0
3,64,0,0
3,65,0,0
3,66,0,0
3,67,0,0
3,68,0,0
3,69,0,0
3,70,0,0
3,71,0,0
3,72,0,0
3,73,1,0
3,74,0,1
3,75,1,0
3,76,0,0
3,77,0,1
3,78,0,0
3,79,0,0
3,80,0,0
3,81,0,0
3,82,0,1
3,83,0,0
3,84,0,1
3,85,1,0
3,86,0,0
3,87,0,0
3,88,0,0
3,89,0,1
3,90,0,1
3,91,0,0
3,92,0,1
3,93,0,0
3,94,0,1
3,95,0,0
3,96,0,0
3,97,1,0
3,98,0,0
3,99,0,0
3,100,0,0
3,101,0,1
3,102,0,0
3,103,0,0
3,104,0,0
3,105,0,0
3,106,0,0
3,107,0,0
3,108,0,0
3,109,0,0
3,110,0,0
3,111,0,0
3,112,1,0
3,113,1,0
3,114,0,0
3,115,0,1
3,116,0,1
3,117,0,0
3,118,0,0
3,119,0,0
3,120,0,0
3,121,0,0
3,122,0,0
3,123,0,0
3,124,0,0
3,125,0,0
3,126,0,0
3,127,0,0
3,128,0,0
3,129,0,0
3,130,0,0
3,131,0,1
3,132,0,0
3,133,0,0
3,134,0,0
3,135,0,0
3,136,0,0
3,137,0,0
3,138,0,0
3,139,0,0
3,140,0,0
3,141,0,0
3,142,1,0
3,143,0,0
3,144,0,1
3,145,0,0
3,146,0,1
3,147,0,0
3,148,1,0
3,149,0,1
3,150,0,1
3,151,0,0
3,152,0,0
3,153,0,0
3,154,0,0
3,155,0,0
3,156,0,0
3,157,0,0
3,158,0,0
3,159,0,1
3,160,0,0
3,161,0,0
3,162,0,0
3,163,0,0
3,164,0,0
3,165,0,0
3,166,0,0
3,167,1,0
3,168,0,0
3,169,0,0
3,170,0,0
3,171,0,0
3,172,0,0
3,173,1,0
3,174,0,0
3,175,0,0
3,176,0,0
3,177,0,0
3,178,0,0
3,179,0,0
3,180,0,0
3,181,0,0
3,182,0,1
3,183,0,0
3,184,0,1
3,185,0,0
3,186,0,0
3,187,1,0
3,188,0,0
3,189,0,0
3,190,0,1
3,191,0,1
3,192,0,1
3,193,0,1
3,194,0,0
3,195,0,1
3,196,0,1
3,197,0,1
3,198,0,1
3,199,0,0
3,200,0,0
3,201,0,0
3,202,0,0
3,203,0,0
3,204,0,0
3,205,0,0
3,206,0,0
3,207,0,0
3,208,0,0
3,209,0,0
3,210,0,0
3,211,0,0
3,212,1,0
3,213,0,0
3,214,0,0
3,215,0,0
3,216,0,0
3,217,0,0
3,218,1,0
3,219,0,0
3,220,0,0
3,221,0,0
3,222,0,0
3,223,0,0
3,224,0,0
3,225,0,0
3,226,0,1
3,227,0,0
3,228,0,0
3,229,0,0
3,230,0,0
3,231,0,0
3,232,0,0
3,233,0,0
3,234,0,1
3,235,0,0
3,236,0,0
3,237,0,0
3,238,0,0
5,0,0,0
5,1,0,1
5,2,1,0
5,3,0,1
5,4,0,0
5,5,0,0
5,6,0,0
5,7,0,0
5,8,0,1
5,9,0,0
5,10,0,0
5,11,0,1
5,12,0,0
5,13,0,0
5,14,0,0
5,15,0,0
5,16,0,1
5,17,1,1
5,18,0,1
5,19,0,0
5,20,0,0
5,21,0,0
5,22,0,0
5,23,0,0
5,24,0,0
5,25,0,0
5,26,0,0
5,27,0,0
5,28,0,0
5,29,1,0
5,30,0,0
5,31,0,0
5,32,0,0
5,33,0,0
5,34,1,0
5,35,0,0
5,36,1,0
5,37,0,0
5,38,0,0
5,39,0,0
5,40,0,0
5,41,0,0
5,42,0,0
5,43,0,0
5,44,1,0
5,45,0,0
5,46,0,1
5,47,0,0
5,48,1,1
5,49,1,0
5,50,0,0
5,51,0,0
5,52,0,1
5,53,0,1
5,54,0,0
5,55,0,0
5,56,0,0
5,57,0,0
5,58,1,0
5,59,1,1
5,60,1,0
5,61,0,0
5,62,0,1
5,63,1,1
5,64,0,0
5,65,0,1
5,66,0,1
5,67,1,1
5,68,0,0
5,69,0,0
5,70,0,0
5,71,1,0
5,72,0,0
5,73,0,0
5,74,1,1
5,75,0,0
5,76,0,0
5,77,0,0
5,78,0,0
5,79,0,1
5,80,0,0
5,81,1,0
5,82,1,1
5,83,0,1
5,84,1,0
5,85,0,0
5,86,1,0
5,87,0,0
5,88,0,0
5,89,0,1
5,90,1,0
5,91,0,0
5,92,0,1
5,93,0,0
5,94,1,1
5,95,0,0
5,96,0,0
5,97,0,1
5,98,0,0
5,99,0,0
5,100,0,1
5,101,0,1
5,102,0,1
5,103,0,0
5,104,1,0
5,105,0,0
5,106,0,0
5,107,0,0
5,108,0,0
5,109,0,0
5,110,0,0
5,111,0,0
5,112,0,0
5,113,0,0
8,0,0,0
8,1,0,0
8,2,0,0
8,3,0,0
8,4,0,0
8,5,0,1
8,6,0,0
8,7,0,1
8,8,1,1
8,9,0,0
8,10,0,0
8,11,0,0
8,12,0,1
8,13,0,0
8,14,0,0
8,15,0,0
8,16,0,1
8,17,0,0
8,18,1,0
8,19,0,0
8,20,0,0
8,21,0,0
8,22,0,0
8,23,0,0
8,24,0,0
8,25,0,0
8,26,0,0
8,27,0,0
8,28,0,0
8,29,0,0
8,30,0,0
8,31,0,0
8,32,0,0
8,33,0,0
8,34,0,0
8,35,0,0
8,36,0,1
8,37,0,0
8,38,0,0
8,39,0,1
8,40,0,1
8,41,0,0
8,42,0,1
8,43,0,0
8,44,0,1
8,45,0,0
8,46,0,0
8,47,0,0
8,48,1,1
8,49,1,0
8,50,0,1
8,51,0,0
8,52,0,0
8,53,0,0
8,54,0,0
8,55,0,0
8,56,0,0
8,57,0,0
8,58,0,1
8,59,0,1
8,60,0,0
8,61,0,0
8,62,0,0
8,63,0,0
8,64,0,0
8,65,0,0
8,66,0,0
8,67,0,0
8,68,1,0
8,69,0,0
8,70,0,0
8,71,0,0
8,72,1,1
8,73,0,0
8,74,0,0
8,75,0,0
8,76,0,0
8,77,0,0
8,78,0,1
8,79,0,1
8,80,0,1
8,81,0,0
8,82,0,0
8,83,0,0
8,84,0,0
8,85,1,0
8,86,0,0
8,87,0,0
8,88,0,0
8,89,0,0
8,90,0,0
8,91,1,0
8,92,0,0
8,93,0,0
8,94,0,0
8,95,0,0
8,96,0,0
8,97,0,1
8,98,0,0
8,99,0,0
8,100,0,0
8,101,0,0
8,102,0,0
8,103,1,0
8,104,0,0
8,105,0,0
8,106,1,0
8,107,0,0
8,108,1,0
8,109,0,0
8,110,0,0
8,111,1,0
8,112,0,0
8,113,0,0
8,114,0,0
8,115,0,1
8,116,0,0
8,117,1,0
8,118,0,0
8,119,1,0
8,120,0,0
8,121,0,0
8,122,0,0
8,123,0,0
8,124,0,0
8,125,0,0
8,126,0,0
8,127,1,0
8,128,1,0
8,129,0,0
8,130,0,0
8,131,0,0
8,132,1,0
8,133,1,0
8,134,0,0
8,135,0,0
8,136,1,0
8,137,0,0
8,138,0,0
8,139,0,0
8,140,0,0
8,141,0,0
8,142,1,0
8,143,0,0
8,144,0,0
8,145,0,1
8,146,0,0
8,147,0,1
8,148,1,0
8,149,0,0
8,150,0,1
8,151,0,0
8,152,0,1
8,153,0,1
8,154,1,0
8,155,0,1
8,156,0,0
8,157,0,0
8,158,0,0
8,159,0,0
8,160,0,1
8,161,0,0
8,162,0,0
8,163,0,1
8,164,1,0
8,165,0,1
8,166,0,0
8,167,0,0
8,168,0,0
8,169,0,0
8,170,0,0
8,171,0,0
8,172,0,0
8,173,0,0
8,174,0,0
8,175,1,0
8,176,1,0
8,177,0,0
8,178,1,0
8,179,1,0
8,180,0,1
8,181,0,1
8,182,0,0
8,183,0,0
8,184,0,0
8,185,0,0
8,186,0,0
8,187,0,0
8,188,0,1
8,189,0,0
8,190,0,0
8,191,0,1
8,192,0,0
8,193,1,0
8,194,0,0
8,195,0,0
8,196,1,0
8,197,0,0
8,198,0,0
8,199,0,0
8,200,0,0
8,201,0,0
8,202,0,0
8,203,0,1
8,204,0,0
8,205,0,0
8,206,0,0
11,0,0,0
11,1,1,0
11,2,1,0
11,3,1,0
11,4,0,0
11,5,0,1
11,6,0,0
11,7,0,0
11,8,0,0
11,9,0,0
11,10,0,0
11,11,0,0
11,12,0,0
11,13,0,0
11,14,0,0
11,15,0,0
11,16,0,1
11,17,1,0
11,18,0,0
11,19,0,0
11,20,1,0
11,21,0,1
11,22,0,1
11,23,0,1
11,24,1,0
11,25,0,1
11,26,0,1
11,27,0,1
11,28,0,1
11,29,0,1
11,30,0,0
11,31,1,1
11,32,0,1
11,33,0,1
11,34,1,0
11,35,0,1
11,36,1,0
11,37,0,1
11,38,0,1
11,39,0,1
11,40,0,1
11,41,0,1
11,42,0,0
11,43,0,0
11,44,0,0
11,45,0,1
11,46,1,1
11,47,0,0
11,48,0,1
11,49,0,1
11,50,0,0
11,51,0,1
11,52,0,1
11,53,0,1
11,54,0,1
11,55,0,0
11,56,0,0
11,57,0,0
11,58,0,0
11,59,0,0
11,60,0,1
11,61,0,0
11,62,0,1
11,63,0,0
11,64,1,1
11,65,0,0
11,66,0,1
11,67,0,1
11,68,0,0
11,69,1,0
11,70,0,0
11,71,0,0
11,72,0,1
11,73,0,0
11,74,0,1
11,75,1,0
11,76,0,0
11,77,0,0
11,78,0,0
11,79,0,0
11,80,0,0
11,81,1,0
11,82,0,0
11,83,0,0
11,84,0,0
11,85,0,0
11,86,0,1
11,87,0,0
11,88,1,0
11,89,0,0
11,90,1,1
11,91,0,1
11,92,1,0
11,93,1,1
11,94,0,0
11,95,0,1
11,96,0,1
11,97,0,0
11,98,0,0
11,99,0,1
11,100,0,1
11,101,0,0
11,102,0,0
11,103,0,0
11,104,0,0
11,105,0,0
11,106,0,0
11,107,1,0
11,108,1,0
11,109,1,0
11,110,0,1
11,111,0,0
11,112,0,0
11,113,0,0
11,114,0,0
11,115,0,0
11,116,0,0
11,117,0,1
11,118,0,0
11,119,0,1
11,120,0,0
11,121,0,0
11,122,0,0
11,123,0,0
11,124,0,0
11,125,0,1
11,126,0,1
11,127,0,0
11,128,0,0
11,129,0,0
11,130,0,1
11,131,0,1
11,132,1,1
11,133,0,0
11,134,1,0
11,135,0,0
11,136,0,0
11,137,0,0
11,138,1,0
11,139,1,0
11,140,0,0
11,141,0,0
11,142,0,0
11,143,0,1
11,144,0,1
11,145,0,0
11,146,0,0
11,147,0,0
11,148,1,0
11,149,0,0
11,150,0,0
11,151,0,0
11,152,1,1
11,153,0,0
11,154,0,1
11,155,0,0
11,156,0,0
11,157,0,0
11,158,0,0
11,159,0,0
11,160,0,0
11,161,0,0
11,162,0,0
11,163,0,0
11,164,0,0
11,165,0,0
11,166,0,1
11,167,0,1
11,168,0,0
11,169,0,0
11,170,0,0
11,171,0,0
11,172,0,0
11,173,0,0
11,174,0,0
14,0,0,0
14,1,0,0
14,2,0,0
14,3,0,0
14,4,0,0
14,5,0,0
14,6,0,0
14,7,1,0
14,8,0,0
14,9,1,0
14,10,0,0
14,11,0,0
14,12,1,0
14,13,1,0
14,14,0,0
14,15,0,0
14,16,0,0
14,17,0,0
14,18,0,0
14,19,1,0
14,20,0,0
14,21,0,0
14,22,0,1
14,23,0,1
14,24,1,0
14,25,0,0
14,26,1,0
14,27,0,0
14,28,0,1
14,29,1,0
14,30,0,0
14,31,1,0
14,32,0,1
14,33,1,0
14,34,1,0
14,35,0,0
14,36,0,1
14,37,0,0
14,38,0,1
14,39,0,0
14,40,0,1
14,41,0,0
14,42,1,1
14,43,0,1
14,44,0,0
14,45,1,0
14,46,0,0
14,47,0,0
14,48,0,0
14,49,0,0
14,50,0,0
14,51,1,0
14,52,0,0
14,53,0,1
14,54,0,1
14,55,0,0
14,56,0,1
14,57,0,0
14,58,1,1
14,59,0,1
14,60,0,0
14,61,0,1
14,62,1,0
14,63,0,0
14,64,0,0
14,65,0,0
14,66,0,0
14,67,0,0
14,68,1,0
14,69,0,0
14,70,0,0
14,71,0,0
14,72,0,0
14,73,1,0
14,74,0,0
14,75,0,0
14,76,0,0
14,77,0,0
14,78,0,0
14,79,1,0
14,80,0,0
14,81,0,0
14,82,0,0
14,83,0,0
14,84,0,0
14,85,0,0
14,86,0,0
14,87,0,1
14,88,0,0
14,89,0,0
14,90,0,0
14,91,0,0
14,92,0,0
14,93,0,0
14,94,0,0
14,95,0,0
14,96,0,0
14,97,1,0
14,98,0,0
14,99,0,0
14,100,0,0
14,101,0,0
14,102,0,0
14,103,0,0
14,104,0,0
14,105,1,0
14,106,0,0
14,107,0,0
14,108,0,0
14,109,0,0
14,110,0,0
14,111,0,0
14,112,0,0
14,113,1,0
14,114,0,0
14,115,0,0
14,116,0,0
14,117,0,0
14,118,0,0
14,119,0,0
14,120,0,0
14,121,0,1
14,122,1,1
14,123,0,0
14,124,0,0
14,125,0,0
14,126,0,0
14,127,0,0
14,128,0,0
14,129,0,0
14,130,0,0
14,131,0,0
14,132,0,0
14,133,0,0
14,134,0,0
14,135,0,1
14,136,0,0
14,137,0,0
14,138,0,0
14,139,0,1
14,140,0,1
14,141,0,0
14,142,0,0
14,143,0,0
14,144,0,0
14,145,0,0
14,146,0,0
14,147,1,0
14,148,1,0
14,149,0,1
14,150,1,0
14,151,0,0
14,152,0,0
14,153,0,0
14,154,0,0
14,155,0,1
14,156,0,0
14,157,1,0
14,158,1,1
14,159,0,0
14,160,0,0
14,161,0,0
14,162,0,0
14,163,0,0
14,164,0,0
14,165,0,0
14,166,0,0
14,167,0,0
14,168,0,0
14,169,0,0
14,170,0,0
18,0,0,1
18,1,0,1
18,2,0,0
18,3,0,0
18,4,0,1
18,5,0,1
18,6,0,1
18,7,0,1
18,8,0,0
18,9,0,0
18,10,0,1
18,11,0,0
18,12,0,0
18,13,1,0
18,14,0,0
18,15,0,0
18,16,1,0
18,17,0,0
18,18,0,0
18,19,0,0
18,20,0,0
18,21,1,0
18,22,0,0
18,23,0,0
18,24,1,0
18,25,0,0
18,26,0,0
18,27,0,0
18,28,0,0
18,29,0,0
18,30,0,0
18,31,0,0
18,32,1,0
18,33,0,0
18,34,0,0
18,35,0,0
18,36,0,0
18,37,0,0
18,38,0,0
18,39,0,0
18,40,1,1
18,41,0,0
18,42,0,0
18,43,1,0
18,44,0,0
18,45,0,0
18,46,0,0
18,47,0,0
18,48,0,0
18,49,0,0
18,50,0,0
18,51,0,0
18,52,0,1
18,53,0,0
18,54,0,0
18,55,0,0
18,56,0,0
18,57,0,0
18,58,0,0
18,59,0,0
18,60,0,0
18,61,0,0
18,62,0,0
18,63,1,0
18,64,0,0
18,65,0,0
18,66,0,0
18,67,0,0
18,68,0,0
18,69,0,0
18,70,0,0
18,71,0,0
18,72,0,0
18,73,0,0
18,74,0,1
18,75,0,0
18,76,0,0
18,77,0,1
18,78,0,0
18,79,0,0
18,80,0,0
18,81,1,0
18,82,0,0
18,83,0,0
18,84,0,0
18,85,1,0
18,86,0,1
18,87,0,1
18,88,0,1
18,89,0,0
18,90,0,0
18,91,0,1
18,92,0,0
18,93,0,0
18,94,0,0
18,95,0,0
18,96,0,0
18,97,0,1
18,98,0,0
18,99,0,0
18,100,0,0
18,101,0,0
18,102,1,0
18,103,0,0
18,104,0,0
18,105,0,0
18,106,0,1
18,107,0,0
18,108,0,0
18,109,0,0
18,110,1,0
18,111,0,0
18,112,0,0
18,113,1,0
18,114,0,0
18,115,0,0
18,116,0,0
18,117,0,1
18,118,0,0
18,119,1,0
18,120,0,0
18,121,0,0
18,122,0,0
18,123,0,0
18,124,1,1
18,125,0,1
18,126,0,0
18,127,1,1
18,128,0,1
18,129,1,0
18,130,0,0
18,131,0,0
18,132,0,0
18,133,0,0
18,134,0,1
18,135,0,0
18,136,0,1
18,137,0,1
18,138,0,1
18,139,1,0
18,140,1,0
18,141,0,0
18,142,0,0
18,143,0,0
18,144,0,0
18,145,1,0
18,146,0,1
18,147,0,0
18,148,0,0
18,149,1,0
18,150,0,0
18,151,1,1
18,152,0,0
18,153,0,0
18,154,0,0
18,155,1,1
18,156,0,0
18,157,1,0
18,158,1,0
18,159,0,0
18,160,0,0
18,161,0,0
18,162,0,0
18,163,0,1
18,164,0,0
18,165,0,1
18,166,0,0
18,167,0,0
18,168,0,0
18,169,0,1
18,170,0,0
18,171,0,0
18,172,0,0
18,173,0,0
18,174,0,1
18,175,1,0
18,176,0,0
18,177,0,1
18,178,0,0
18,179,0,0
18,180,0,0
18,181,0,0
18,182,0,0
18,183,0,0
18,184,0,0
18,185,0,0
18,186,0,0
18,187,0,0
18,188,0,0
18,189,0,0
18,190,1,0
18,191,0,0
18,192,0,0
18,193,0,0
18,194,0,0
18,195,0,0
18,196,0,0
18,197,0,0
18,198,0,0
18,199,0,0
18,200,0,0
18,201,0,0
18,202,0,0
18,203,0,0
19,0,0,0
19,1,0,0
19,2,0,0
19,3,0,0
19,4,0,0
19,5,0,0
19,6,0,0
19,7,0,0
19,8,0,0
19,9,0,0
19,10,1,0
19,11,0,0
19,12,0,0
19,13,0,0
19,14,0,0
19,15,0,0
19,16,0,0
19,17,0,0
19,18,0,0
19,19,0,0
19,20,0,0
19,21,1,0
19,22,0,0
19,23,0,0
19,24,0,0
19,25,1,0
19,26,0,0
19,27,0,0
19,28,0,0
19,29,0,0
19,30,1,0
19,31,0,0
19,32,0,0
19,33,0,1
19,34,0,0
19,35,0,1
19,36,0,0
19,37,0,1
19,38,0,0
19,39,0,0
19,40,0,0
19,41,0,0
19,42,0,0
19,43,0,0
19,44,0,0
19,45,0,0
19,46,0,0
19,47,0,0
19,48,0,0
19,49,0,0
19,50,0,0
19,51,0,0
19,52,0,0
19,53,0,0
19,54,0,0
19,55,0,0
19,56,0,0
19,57,0,0
19,58,0,1
19,59,0,0
19,60,0,0
19,61,0,0
19,62,0,0
19,63,0,0
19,64,0,1
19,65,0,0
19,66,0,0
19,67,0,1
19,68,0,0
19,69,0,1
19,70,0,0
19,71,1,0
19,72,0,1
19,73,0,1
19,74,0,0
19,75,0,0
19,76,1,1
19,77,0,0
19,78,0,0
19,79,0,0
19,80,0,1
19,81,0,0
19,82,0,0
19,83,0,0
19,84,1,0
19,85,0,0
19,86,0,0
19,87,0,0
19,88,1,0
19,89,0,1
19,90,0,0
19,91,0,1
19,92,0,0
19,93,0,0
19,94,0,0
19,95,0,0
19,96,0,0
19,97,0,0
19,98,0,1
19,99,0,0
19,100,0,0
19,101,0,0
19,102,0,0
19,103,0,0
19,104,0,0
19,105,0,0
19,106,0,0
19,107,0,0
19,108,0,0
19,109,0,0
19,110,0,0
19,111,0,0
19,112,0,0
19,113,0,0
19,114,0,0
19,115,1,0
19,116,0,0
19,117,0,0
19,118,1,0
19,119,0,0
19,120,0,0
19,121,0,0
19,122,0,0
19,123,0,0
19,124,0,0
19,125,0,0
19,126,0,1
19,127,0,1
19,128,0,0
19,129,0,0
19,130,0,0
19,131,0,0
19,132,0,0
19,133,0,0
19,134,0,0
19,135,0,0
19,136,0,0
19,137,0,0
19,138,0,0
19,139,0,0
19,140,0,0
19,141,0,1
19,142,0,0
19,143,0,0
19,144,0,0
19,145,0,0
19,146,0,0
19,147,0,0
19,148,0,0
19,149,0,0
19,150,0,0
19,151,0,0
19,152,0,0
19,153,0,0
19,154,0,0
19,155,0,0
20,0,0,0
20,1,0,0
20,2,0,0
20,3,0,0
20,4,0,0
20,5,0,0
20,6,0,0
20,7,0,0
20,8,0,0
20,9,0,0
20,10,0,0
20,11,0,0
20,12,1,0
20,13,0,0
20,14,0,0
20,15,0,0
20,16,0,0
20,17,0,0
20,18,0,0
20,19,1,0
20,20,0,0
20,21,0,0
20,22,0,0
20,23,0,0
20,24,0,0
20,25,0,0
20,26,0,0
20,27,0,0
20,28,0,0
20,29,0,0
20,30,0,0
20,31,0,0
20,32,0,0
20,33,0,1
20,34,0,0
20,35,1,1
20,36,0,0
20,37,0,0
20,38,0,0
20,39,0,0
20,40,0,0
20,41,0,0
20,42,0,0
20,43,0,0
20,44,0,0
20,45,0,0
20,46,0,0
20,47,0,0
20,48,0,0
20,49,0,0
20,50,0,1
20,51,0,0
20,52,0,0
20,53,0,0
20,54,1,0
20,55,0,0
20,56,0,0
20,57,0,0
20,58,0,0
20,59,1,0
20,60,1,0
20,61,0,0
20,62,1,0
20,63,0,0
20,64,0,0
20,65,0,0
20,66,0,0
20,67,0,0
20,68,0,0
20,69,0,0
20,70,0,0
20,71,0,0
20,72,1,0
20,73,1,0
20,74,0,0
20,75,0,0
20,76,1,0
20,77,0,1
20,78,0,0
20,79,1,1
20,80,0,0
20,81,0,0
20,82,0,0
20,83,0,0
20,84,1,0
20,85,0,1
20,86,0,0
20,87,0,0
20,88,0,0
20,89,0,0
20,90,0,0
20,91,0,0
20,92,0,1
20,93,0,0
20,94,0,0
20,95,0,0
20,96,0,0
20,97,0,0
20,98,0,0
20,99,0,0
20,100,0,0
20,101,0,0
20,102,1,0
20,103,1,0
20,104,0,0
20,105,0,0
20,106,0,0
20,107,0,0
20,108,0,0
20,109,0,0
20,110,1,0
20,111,0,0
20,112,0,0
20,113,0,0
20,114,0,0
20,115,0,0
20,116,0,1
20,117,0,0
20,118,0,0
20,119,0,0
20,120,0,0
20,121,1,1
20,122,1,0
20,123,0,0
20,124,0,0
20,125,0,0
20,126,0,0
20,127,0,0
20,128,0,0
20,129,0,1
20,130,0,0
20,131,0,0
20,132,1,1
20,133,0,0
20,134,1,1
20,135,0,1
20,136,0,1
20,137,0,0
20,138,0,0
20,139,0,1
20,140,0,0
20,141,0,1
20,142,0,0
20,143,0,0
20,144,0,0
20,145,0,0
20,146,0,0
20,147,0,0
20,148,0,1
20,149,0,0
20,150,0,1
20,151,0,0
20,152,0,1
20,153,1,1
20,154,0,1
20,155,0,1
20,156,0,0
20,157,0,0
20,158,1,0
20,159,0,1
20,160,0,1
20,161,0,0
20,162,0,0
20,163,0,0
20,164,0,0
20,165,0,1
20,166,0,1
20,167,1,1
20,168,1,1
20,169,0,0
20,170,0,0
20,171,0,0
20,172,0,0
20,173,1,1
20,174,0,1
20,175,1,0
20,176,0,0
20,177,0,0
20,178,0,0
20,179,0,0
20,180,0,0
20,181,0,0
20,182,0,1
20,183,1,0
20,184,0,0
20,185,0,0
20,186,0,0
20,187,0,0
20,188,0,1
20,189,0,0
20,190,0,0
20,191,0,0
20,192,0,0
20,193,0,0
20,194,0,1
20,195,0,1
20,196,0,0
20,197,0,0
20,198,0,0
20,199,0,1
20,200,0,0
20,201,0,0
22,0,0,0
22,1,0,0
22,2,0,0
22,3,0,0
22,4,0,0
22,5,0,0
22,6,0,0
22,7,1,0
22,8,0,0
22,9,0,0
22,10,1,0
22,11,0,0
22,12,0,0
22,13,0,0
22,14,0,0
22,15,0,0
22,16,0,0
22,17,0,0
22,18,0,0
22,19,0,0
22,20,0,0
22,21,0,0
22,22,0,0
22,23,0,0
22,24,0,0
22,25,0,0
22,26,0,0
22,27,0,0
22,28,0,0
22,29,0,0
22,30,0,0
22,31,0,0
22,32,1,0
22,33,0,0
22,34,0,0
22,35,0,0
22,36,0,0
22,37,0,0
22,38,0,0
22,39,0,0
22,40,0,0
22,41,0,0
22,42,0,1
22,43,0,0
22,44,0,0
22,45,1,0
22,46,0,1
22,47,0,0
22,48,0,0
22,49,0,0
22,50,0,0
22,51,0,0
22,52,0,0
22,53,0,0
22,54,0,0
22,55,0,0
22,56,0,1
22,57,0,0
22,58,0,0
22,59,0,0
22,60,0,1
22,61,0,0
22,62,0,1
22,63,0,0
22,64,0,0
22,65,0,0
22,66,0,0
22,67,0,0
22,68,0,0
22,69,0,0
22,70,0,0
22,71,0,0
22,72,0,0
22,73,0,0
22,74,0,0
22,75,1,0
22,76,0,0
22,77,0,0
22,78,0,0
22,79,0,0
22,80,0,0
22,81,0,0
22,82,0,0
22,83,0,0
22,84,0,0
22,85,0,0
22,86,0,0
22,87,0,1
22,88,0,0
22,89,0,0
22,90,0,0
22,91,0,0
22,92,0,0
22,93,0,0
22,94,0,0
22,95,1,0
22,96,0,0
22,97,0,0
22,98,0,0
22,99,0,0
22,100,1,0
22,101,0,0
22,102,0,0
22,103,1,0
22,104,0,0
22,105,0,0
22,106,0,0
22,107,0,0
22,108,0,0
22,109,1,0
22,110,0,0
22,111,0,0
22,112,0,0
22,113,0,0
22,114,1,0
22,115,0,0
22,116,0,0
22,117,0,0
22,118,0,0
22,119,0,1
22,120,0,0
22,121,0,0
22,122,0,0
22,123,0,1
22,124,0,1
22,125,0,0
22,126,0,0
22,127,0,0
22,128,0,0
22,129,1,0
22,130,0,0
22,131,0,0
22,132,0,0
22,133,0,1
22,134,0,0
22,135,0,0
22,136,0,0
22,137,1,0
22,138,1,0
22,139,0,0
22,140,1,1
22,141,0,0
22,142,0,0
22,143,0,0
22,144,0,1
22,145,1,1
22,146,0,0
22,147,0,0
22,148,0,1
22,149,0,0
22,150,0,1
22,151,0,0
22,152,0,1
22,153,1,1
22,154,0,0
22,155,0,1
22,156,0,0
22,157,1,1
22,158,0,1
22,159,0,0
22,160,0,0
22,161,0,0
22,162,0,0
22,163,0,0
22,164,0,1
22,165,0,0
22,166,1,1
22,167,0,0
22,168,0,0
22,169,0,1
22,170,0,0
22,171,0,0
22,172,0,0
22,173,0,0
22,174,0,0
22,175,0,0
22,176,0,1
22,177,0,0
22,178,0,0
22,179,0,0
22,180,1,1
22,181,0,1
22,182,0,1
22,183,0,0
22,184,0,0
22,185,0,1
22,186,0,0
22,187,1,1
22,188,0,0
22,189,0,1
22,190,0,0
22,191,0,0
22,192,0,0
22,193,0,0
22,194,1,0
22,195,1,0
22,196,0,0
22,197,0,0
22,198,0,1
22,199,0,1
22,200,0,0
22,201,1,0
22,202,0,1
22,203,0,0
22,204,1,0
22,205,0,0
22,206,0,0
22,207,1,0
22,208,0,0
22,209,1,0
22,210,0,0
22,211,0,0
22,212,0,0
22,213,0,0
22,214,0,0
22,215,0,0
22,216,0,0
22,217,0,0
22,218,0,0
22,219,1,0
22,220,0,0
22,221,0,0
22,222,1,0
22,223,0,0
22,224,0,0
22,225,0,0
22,226,0,0
22,227,0,0
22,228,0,0
22,229,0,0
22,230,0,0
22,231,0,0
22,232,0,0
22,233,0,0
22,234,0,1
22,235,0,1
22,236,0,0
22,237,0,0
22,238,0,0
22,239,0,0
22,240,0,0
22,241,0,0
22,242,0,0
22,243,0,0
22,244,0,1
22,245,0,0
22,246,0,0
22,247,0,0
22,248,0,0
22,249,0,0
22,250,0,1
22,251,0,0
22,252,0,0
22,253,0,0
23,0,1,0
23,1,1,0
23,2,1,0
23,3,0,0
23,4,0,0
23,5,0,0
23,6,0,0
23,7,0,0
23,8,0,0
23,9,0,1
23,10,0,0
23,11,0,0
23,12,0,0
23,13,0,0
23,14,0,0
23,15,0,0
23,16,0,0
23,17,0,0
23,18,0,0
23,19,0,0
23,20,0,0
23,21,0,0
23,22,0,0
23,23,0,0
23,24,0,0
23,25,0,0
23,26,0,0
23,27,0,0
23,28,0,1
23,29,1,1
23,30,0,0
23,31,0,0
23,32,0,0
23,33,0,0
23,34,0,1
23,35,0,1
23,36,0,0
23,37,0,0
23,38,0,1
23,39,0,1
23,40,0,1
23,41,0,0
23,42,0,0
23,43,0,0
23,44,0,1
23,45,0,0
23,46,0,0
23,47,0,0
23,48,0,0
23,49,0,1
23,50,0,0
23,51,0,0
23,52,0,0
23,53,0,0
23,54,0,0
23,55,1,0
23,56,0,1
23,57,0,0
23,58,1,1
23,59,0,0
23,60,0,1
23,61,0,0
23,62,1,0
23,63,1,0
23,64,1,0
23,65,0,0
23,66,0,0
23,67,1,0
23,68,0,0
23,69,0,0
23,70,0,0
23,71,0,0
23,72,1,0
23,73,1,0
23,74,0,0
23,75,0,0
23,76,0,0
23,77,0,0
23,78,0,0
23,79,0,0
23,80,0,0
23,81,0,0
23,82,0,0
23,83,0,0
23,84,0,1
23,85,0,0
23,86,0,0
23,87,0,1
23,88,1,0
23,89,0,0
23,90,0,0
23,91,0,0
23,92,0,0
23,93,0,0
23,94,0,0
23,95,0,0
23,96,0,0
23,97,0,0
23,98,0,0
23,99,0,0
23,100,0,0
23,101,0,0
23,102,0,0
23,103,0,0
23,104,0,0
23,105,0,0
23,106,0,0
23,107,0,0
23,108,1,0
23,109,0,0
23,110,0,0
23,111,0,0
23,112,0,0
23,113,0,0
23,114,0,0
23,115,1,0
23,116,0,0
23,117,0,0
23,118,0,0
23,119,0,0
23,120,0,0
23,121,0,0
23,122,0,0
23,123,0,0
23,124,0,0
23,125,0,0
23,126,0,0
23,127,0,0
23,128,0,0
23,129,0,0
23,130,0,1
23,131,0,0
23,132,0,0
23,133,0,0
23,134,0,0
23,135,0,0
23,136,1,0
23,137,0,0
23,138,0,0
23,139,0,0
23,140,0,0
23,141,0,0
23,142,0,0
23,143,0,0
23,144,0,0
23,145,0,0
23,146,0,0
23,147,0,0
23,148,0,0
23,149,0,0
23,150,0,0
23,151,0,0
23,152,0,0
23,153,0,0
23,154,0,0
23,155,1,0
23,156,1,0
23,157,1,0
23,158,0,0
23,159,0,0
23,160,0,0
23,161,0,0
23,162,0,0
24,0,0,0
24,1,0,0
24,2,0,0
24,3,0,0
24,4,0,0
24,5,0,0
24,6,0,0
24,7,1,0
24,8,0,0
24,9,0,0
24,10,0,0
24,11,0,0
24,12,0,0
24,13,0,0
24,14,0,0
24,15,0,0
24,16,0,0
24,17,0,0
24,18,0,0
24,19,0,1
24,20,0,1
24,21,0,0
24,22,0,0
24,23,1,0
24,24,0,0
24,25,0,0
24,26,0,0
24,27,0,0
24,28,0,0
24,29,0,0
24,30,1,0
24,31,0,0
24,32,0,0
24,33,0,0
24,34,0,0
24,35,0,0
24,36,0,0
24,37,0,0
24,38,0,0
24,39,0,0
24,40,0,0
24,41,0,0
24,42,0,0
24,43,0,0
24,44,0,0
24,45,0,0
24,46,0,0
24,47,0,0
24,48,0,0
24,49,0,0
24,50,1,0
24,51,1,1
24,52,0,0
24,53,0,0
24,54,1,0
24,55,0,0
24,56,0,0
24,57,0,0
24,58,0,0
24,59,0,0
24,60,0,0
24,61,0,0
24,62,0,0
24,63,0,0
24,64,0,1
24,65,0,1
24,66,1,0
24,67,0,0
24,68,0,0
24,69,0,0
24,70,0,1
24,71,0,0
24,72,0,1
24,73,0,0
24,74,0,0
24,75,0,0
24,76,0,1
24,77,0,0
24,78,0,0
24,79,0,0
24,80,1,1
24,81,0,0
24,82,0,1
24,83,0,0
24,84,0,1
24,85,0,0
24,86,0,0
24,87,0,0
24,88,0,1
24,89,0,0
24,90,0,1
24,91,0,0
24,92,0,1
24,93,0,0
24,94,0,0
24,95,0,0
24,96,0,0
24,97,0,0
24,98,1,0
24,99,0,1
24,100,1,1
24,101,0,0
24,102,0,1
24,103,0,1
24,104,0,0
24,105,0,0
24,106,0,0
24,107,0,0
24,108,0,0
24,109,0,0
24,110,0,0
24,111,0,0
24,112,0,1
24,113,0,0
24,114,0,0
24,115,0,0
24,116,1,0
24,117,0,0
24,118,0,0
24,119,0,0
24,120,0,0
24,121,0,0
24,122,0,0
24,123,0,0
24,124,1,0
24,125,0,0
24,126,0,1
24,127,0,1
24,128,0,0
24,129,0,0
24,130,1,0
24,131,0,0
24,132,0,0
24,133,0,0
24,134,0,1
24,135,0,0
24,136,0,0
24,137,0,0
24,138,0,0
24,139,0,0
24,140,0,0
24,141,1,0
24,142,0,0
24,143,0,0
24,144,0,0
24,145,0,0
24,146,0,0
24,147,0,0
24,148,0,0
24,149,0,0
24,150,0,0
24,151,0,0
24,152,0,0
24,153,0,0
24,154,0,1
24,155,0,0
24,156,0,0
24,157,0,0
24,158,0,0
24,159,0,0
24,160,0,0
24,161,0,0
24,162,0,0
24,163,0,0
24,164,0,0
24,165,0,0
24,166,0,0
24,167,0,0
24,168,0,0
24,169,0,0
24,170,0,0
24,171,0,0
24,172,0,0
24,173,0,0
24,174,0,0
24,175,0,0
24,176,0,0
24,177,0,0
24,178,0,0
24,179,0,0
24,180,0,0
24,181,0,0
24,182,0,0
24,183,0,0
24,184,1,0
24,185,0,0
24,186,0,0
24,187,0,0
24,188,0,0
24,189,0,0
24,190,0,0
24,191,0,0
24,192,0,0
24,193,0,0
24,194,0,0
24,195,0,0
24,196,0,0
24,197,0,0
24,198,0,0
24,199,0,0
24,200,0,0
24,201,0,0
24,202,0,0
24,203,0,0
24,204,0,0
24,205,0,0
24,206,0,0
24,207,0,0
24,208,0,0
24,209,0,0
24,210,0,0
24,211,1,0
24,212,0,0
24,213,0,0
24,214,0,0
24,215,0,0
24,216,0,0
24,217,0,0
24,218,0,0
24,219,0,0
24,220,0,0
24,221,0,0
24,222,0,0
24,223,1,0
24,224,0,0
24,225,0,0
24,226,0,0
24,227,0,1
24,228,1,0
24,229,0,0
24,230,0,0
24,231,0,0
24,232,0,0
24,233,0,0
24,234,1,1
24,235,0,0
24,236,0,1
24,237,0,0
24,238,0,0
24,239,1,0
24,240,0,0
24,241,0,0
24,242,1,0
24,243,0,0
24,244,0,0
24,245,0,0
24,246,0,0
24,247,0,0
24,248,0,0
24,249,0,0
24,250,0,0
24,251,0,0
28,0,0,0
28,1,0,0
28,2,0,0
28,3,0,0
28,4,0,0
28,5,0,0
28,6,0,0
28,7,0,0
28,8,0,0
28,9,0,0
28,10,0,0
28,11,0,0
28,12,0,0
28,13,0,0
28,14,0,0
28,15,0,0
28,16,0,0
28,17,0,0
28,18,0,0
28,19,0,0
28,20,0,0
28,21,0,0
28,22,0,0
28,23,0,0
28,24,0,0
28,25,0,0
28,26,0,0
28,27,0,0
28,28,0,0
28,29,0,0
28,30,0,0
28,31,0,0
28,32,0,0
28,33,0,0
28,34,0,0
28,35,0,0
28,36,0,0
28,37,0,0
28,38,0,0
28,39,0,0
28,40,0,0
28,41,0,0
28,42,0,0
28,43,0,0
28,44,0,0
28,45,0,0
28,46,0,0
28,47,1,0
28,48,1,1
28,49,0,0
28,50,1,0
28,51,0,0
28,52,0,0
28,53,0,0
28,54,1,0
28,55,0,0
28,56,1,0
28,57,1,0
28,58,0,0
28,59,0,0
28,60,0,0
28,61,1,0
28,62,1,0
28,63,0,0
28,64,0,0
28,65,1,0
28,66,0,0
28,67,0,1
28,68,0,1
28,69,0,0
28,70,0,0
28,71,0,0
28,72,0,0
28,73,1,1
28,74,0,0
28,75,0,0
28,76,0,0
28,77,0,0
28,78,0,0
28,79,0,0
28,80,0,0
28,81,0,0
28,82,0,1
28,83,0,0
28,84,0,1
28,85,0,0
28,86,0,1
28,87,0,0
28,88,0,0
28,89,0,1
28,90,0,0
28,91,0,0
28,92,1,1
28,93,0,0
28,94,0,1
28,95,0,1
28,96,0,0
28,97,0,0
28,98,0,0
28,99,0,0
28,100,0,0
28,101,0,1
28,102,0,0
28,103,0,0
28,104,0,1
28,105,1,1
28,106,1,0
28,107,0,1
28,108,0,1
28,109,0,1
28,110,0,0
28,111,0,0
28,112,0,0
28,113,0,0
28,114,0,0
28,115,0,0
28,116,0,0
28,117,0,0
28,118,0,0
28,119,0,1
28,120,0,0
28,121,0,0
28,122,0,0
28,123,0,1
28,124,0,0
28,125,0,0
28,126,0,0
28,127,0,0
28,128,0,0
28,129,0,0
28,130,0,0
28,131,0,0
28,132,0,0
28,133,0,0
28,134,0,0
28,135,0,0
28,136,0,0
28,137,0,0
28,138,0,0
28,139,0,0
28,140,0,0
28,141,0,0
28,142,0,0
28,143,0,0
28,144,0,0
28,145,0,0
28,146,1,1
28,147,1,0
28,148,0,0
28,149,1,0
28,150,0,0
28,151,0,1
28,152,0,0
28,153,0,0
28,154,0,1
28,155,0,0
28,156,0,0
28,157,0,0
28,158,0,0
28,159,0,0
28,160,0,0
28,161,0,0
28,162,0,0
28,163,1,0
28,164,0,0
28,165,0,0
28,166,0,0
28,167,0,0
28,168,0,0
28,169,1,1
28,170,0,0
28,171,0,0
28,172,0,0
28,173,0,0
28,174,0,0
28,175,0,0
28,176,0,0
28,177,0,0
28,178,0,0
28,179,0,0
28,180,0,0
28,181,0,0
28,182,0,0
28,183,0,0
28,184,0,0
28,185,1,0
28,186,0,0
28,187,0,0
28,188,0,0
28,189,0,0
28,190,0,0
28,191,0,0
28,192,1,0
28,193,0,0
28,194,0,0
28,195,0,0
28,196,0,0
28,197,0,0
28,198,0,0
28,199,0,0
28,200,0,1
28,201,0,0
28,202,0,0
28,203,0,0
28,204,0,0
28,205,0,0
28,206,1,0
28,207,0,0
28,208,0,0
28,209,0,0
28,210,0,0
28,211,0,0
28,212,0,0
28,213,0,0
28,214,0,0
28,215,0,0
28,216,1,0
28,217,0,0
28,218,0,1
28,219,0,1
28,220,0,0
28,221,0,1
28,222,0,0
28,223,0,0
28,224,0,0
28,225,0,1
28,226,0,1
28,227,0,0
28,228,0,0
28,229,0,0
28,230,1,0
28,231,1,0
28,232,0,0
28,233,1,0
28,234,0,0
28,235,0,0
28,236,0,0
28,237,0,0
28,238,0,0
28,239,0,0
28,240,0,0
28,241,0,0
28,242,0,0
28,243,0,1
28,244,0,1
28,245,0,0
28,246,0,0
28,247,0,0
28,248,0,0
28,249,0,1
28,250,0,0
28,251,0,1
28,252,0,1
28,253,0,1
28,254,0,0
28,255,0,0
28,256,0,0
28,257,0,1
28,258,0,0
28,259,1,0
28,260,0,0
28,261,0,0
28,262,0,0
28,263,0,1
28,264,0,1
28,265,0,0
28,266,0,1
28,267,0,1
28,268,0,1
28,269,0,0
28,270,0,1
28,271,0,0
28,272,0,1
28,273,0,0
28,274,0,1
28,275,0,1
28,276,0,1
28,277,0,0
28,278,0,1
28,279,0,0
28,280,0,1
28,281,0,0
28,282,0,1
28,283,0,1
28,284,0,0
28,285,0,0
28,286,0,0
28,287,0,0
28,288,0,0
28,289,0,1
30,0,0,1
30,1,1,1
30,2,0,0
30,3,0,0
30,4,0,0
30,5,0,1
30,6,0,0
30,7,1,0
30,8,0,0
30,9,1,0
30,10,0,0
30,11,0,0
30,12,0,0
30,13,0,0
30,14,0,0
30,15,0,0
30,16,0,0
30,17,0,0
30,18,0,0
30,19,0,0
30,20,0,0
30,21,0,0
30,22,1,0
30,23,0,0
30,24,0,0
30,25,0,0
30,26,0,0
30,27,0,0
30,28,0,0
30,29,0,0
30,30,0,0
30,31,1,0
30,32,0,0
30,33,0,0
30,34,0,0
30,35,0,0
30,36,0,0
30,37,1,0
30,38,0,0
30,39,0,0
30,40,0,0
30,41,0,0
30,42,1,0
30,43,1,0
30,44,0,0
30,45,0,0
30,46,0,0
30,47,0,0
30,48,0,0
30,49,0,0
30,50,1,0
30,51,0,0
30,52,0,0
30,53,0,0
30,54,0,0
30,55,0,0
30,56,0,0
30,57,0,0
30,58,0,0
30,59,0,0
30,60,0,0
30,61,0,0
30,62,1,0
30,63,0,0
30,64,0,0
30,65,0,0
30,66,0,1
30,67,0,0
30,68,0,0
30,69,0,0
30,70,0,0
30,71,0,0
30,72,0,0
30,73,0,0
30,74,0,0
30,75,0,0
30,76,0,0
30,77,0,0
30,78,1,0
30,79,1,0
30,80,0,0
30,81,0,0
30,82,0,0
30,83,0,0
30,84,0,0
30,85,0,0
30,86,0,0
30,87,1,0
30,88,0,0
30,89,0,0
30,90,0,1
30,91,0,0
30,92,1,0
30,93,1,0
30,94,0,0
30,95,0,0
30,96,0,0
30,97,0,0
30,98,0,0
30,99,1,0
30,100,0,0
30,101,0,0
30,102,0,0
30,103,0,0
30,104,0,0
30,105,0,0
30,106,0,0
30,107,0,0
30,108,0,0
30,109,0,0
30,110,0,0
30,111,1,0
30,112,0,0
30,113,0,0
30,114,0,0
30,115,1,0
30,116,0,0
30,117,1,0
30,118,0,0
30,119,1,0
30,120,0,0
30,121,0,0
30,122,0,0
30,123,1,0
30,124,0,0
30,125,0,0
30,126,1,0
30,127,0,0
30,128,0,1
30,129,0,0
30,130,1,0
30,131,0,0
30,132,0,0
30,133,0,0
30,134,0,0
30,135,0,0
30,136,0,0
30,137,0,0
30,138,0,0
30,139,1,0
30,140,0,0
30,141,0,0
30,142,0,0
30,143,0,0
30,144,0,0
30,145,1,0
30,146,0,0
30,147,0,0
30,148,1,0
30,149,0,0
30,150,1,0
30,151,0,0
30,152,0,0
31,0,0,0
31,1,1,0
31,2,0,0
31,3,0,0
31,4,1,0
31,5,0,0
31,6,0,0
31,7,0,0
31,8,0,0
31,9,0,0
31,10,0,0
31,11,0,1
31,12,0,0
31,13,0,0
31,14,0,0
31,15,0,0
31,16,0,0
31,17,0,0
31,18,0,0
31,19,0,0
31,20,1,0
31,21,0,0
31,22,0,0
31,23,0,0
31,24,0,0
31,25,1,0
31,26,0,0
31,27,0,0
31,28,0,0
31,29,0,0
31,30,0,0
31,31,0,0
31,32,0,0
31,33,0,0
31,34,0,0
31,35,0,0
31,36,0,1
31,37,0,0
31,38,0,0
31,39,0,0
31,40,0,0
31,41,0,0
31,42,0,0
31,43,0,0
31,44,1,0
31,45,0,0
31,46,0,0
31,47,0,0
31,48,0,0
31,49,0,0
31,50,0,0
31,51,1,0
31,52,0,0
31,53,0,0
31,54,0,0
31,55,0,0
31,56,0,0
31,57,0,0
31,58,0,0
31,59,0,0
31,60,1,0
31,61,0,0
31,62,0,0
31,63,1,0
31,64,0,0
31,65,1,0
31,66,0,0
31,67,0,0
31,68,0,0
31,69,0,0
31,70,0,0
31,71,0,0
31,72,0,0
31,73,0,0
31,74,0,0
31,75,0,0
31,76,0,0
31,77,0,0
31,78,0,0
31,79,0,0
31,80,0,0
31,81,0,0
31,82,0,0
31,83,0,0
31,84,0,0
31,85,0,0
31,86,0,0
31,87,0,0
31,88,0,0
31,89,0,0
31,90,0,0
31,91,0,0
31,92,1,0
31,93,0,0
31,94,0,0
31,95,0,0
31,96,0,0
31,97,0,0
31,98,0,0
31,99,0,0
31,100,0,0
31,101,0,0
31,102,1,1
31,103,0,0
31,104,0,0
31,105,1,0
31,106,0,0
31,107,0,0
31,108,1,0
31,109,0,0
31,110,0,0
31,111,1,0
31,112,0,0
31,113,0,0
31,114,0,1
31,115,0,0
31,116,0,0
31,117,0,0
31,118,1,0
31,119,0,0
31,120,1,0
31,121,1,0
31,122,0,0
31,123,0,0
31,124,0,0
31,125,0,0
31,126,0,0
31,127,0,0
31,128,0,0
31,129,0,1
31,130,0,1
31,131,0,0
31,132,0,1
31,133,0,0
31,134,0,0
31,135,0,0
31,136,0,0
31,137,0,0
31,138,0,0
31,139,0,0
31,140,0,0
31,141,0,0
31,142,0,0
31,143,0,0
31,144,0,0
31,145,0,1
31,146,0,0
31,147,0,1
31,148,1,0
31,149,0,0
31,150,0,0
31,151,0,0
31,152,0,0
31,153,0,0
31,154,0,0
31,155,0,0
31,156,0,0
31,157,0,1
31,158,0,1
31,159,0,0
31,160,0,0
31,161,0,0
31,162,0,0
31,163,1,0
31,164,0,1
31,165,0,0
31,166,0,0
31,167,0,0
31,168,0,0
31,169,0,0
31,170,0,0
31,171,0,0
31,172,0,0
31,173,1,0
31,174,0,0
31,175,0,0
31,176,0,0
31,177,0,1
31,178,1,0
31,179,0,0
31,180,0,0
31,181,0,0
31,182,0,0
31,183,1,0
31,184,0,0
31,185,0,0
31,186,0,1
31,187,0,0
31,188,0,1
31,189,0,0
31,190,0,0
31,191,1,0
31,192,1,1
31,193,0,0
31,194,0,0
31,195,0,0
31,196,0,0
31,197,0,0
31,198,0,0
31,199,0,0
31,200,0,0
31,201,0,0
31,202,0,1
31,203,0,1
31,204,0,0
31,205,0,0
31,206,0,0
31,207,0,1
31,208,0,0
31,209,0,0
31,210,0,0
31,211,0,0
31,212,0,0
31,213,0,0
31,214,0,0
31,215,1,0
31,216,0,0
31,217,0,0
31,218,0,0
31,219,1,0
31,220,0,0
31,221,0,0
31,222,0,0
31,223,0,0
31,224,0,0
31,225,0,0
31,226,0,0
31,227,0,0
31,228,0,0
31,229,1,0
31,230,0,0
31,231,0,0
31,232,0,0
31,233,0,0
31,234,0,0
31,235,0,0
31,236,0,0
31,237,0,0
31,238,0,0
31,239,0,0
31,240,0,0
32,0,0,0
32,1,0,0
32,2,0,0
32,3,0,0
32,4,0,0
32,5,0,0
32,6,0,0
32,7,0,0
32,8,0,0
32,9,0,0
32,10,0,0
32,11,0,0
32,12,0,0
32,13,1,1
32,14,0,0
32,15,0,0
32,16,0,0
32,17,0,0
32,18,0,0
32,19,0,0
32,20,1,0
32,21,0,0
32,22,0,0
32,23,0,0
32,24,0,0
32,25,0,0
32,26,0,0
32,27,0,0
32,28,0,0
32,29,0,0
32,30,0,0
32,31,0,0
32,32,0,0
32,33,0,0
32,34,0,0
32,35,0,0
32,36,0,0
32,37,1,0
32,38,0,0
32,39,0,0
32,40,0,0
32,41,0,0
32,42,0,0
32,43,0,0
32,44,0,0
32,45,0,0
32,46,0,0
32,47,1,0
32,48,0,1
32,49,0,0
32,50,0,0
32,51,0,0
32,52,0,0
32,53,0,1
32,54,0,1
32,55,0,0
32,56,0,0
32,57,0,0
32,58,0,0
32,59,0,0
32,60,0,0
32,61,0,1
32,62,0,0
32,63,0,1
32,64,0,1
32,65,0,0
32,66,0,1
32,67,0,0
32,68,0,0
32,69,0,0
32,70,0,0
32,71,0,1
32,72,0,1
32,73,0,0
32,74,0,0
32,75,0,0
32,76,0,0
32,77,1,0
32,78,0,0
32,79,0,0
32,80,0,0
32,81,0,0
32,82,0,0
32,83,0,0
32,84,0,0
32,85,0,0
32,86,0,0
32,87,0,0
32,88,0,0
32,89,0,1
32,90,0,0
32,91,0,0
32,92,0,0
32,93,0,0
32,94,0,0
32,95,0,1
32,96,0,1
32,97,0,0
32,98,0,0
32,99,0,0
32,100,0,0
32,101,0,0
32,102,0,0
32,103,0,0
32,104,0,0
32,105,0,0
32,106,0,1
32,107,0,0
32,108,1,0
32,109,0,0
32,110,0,0
32,111,0,0
32,112,0,0
32,113,0,0
32,114,0,0
32,115,0,0
32,116,0,0
32,117,0,0
32,118,0,1
32,119,0,0
32,120,0,0
32,121,0,0
32,122,0,0
32,123,0,0
32,124,0,0
32,125,0,0
32,126,0,0
32,127,0,0
32,128,0,0
32,129,0,0
32,130,0,0
32,131,0,0
32,132,0,0
32,133,0,0
32,134,0,0
32,135,0,0
32,136,1,1
32,137,0,0
32,138,0,0
32,139,0,0
32,140,0,0
32,141,0,0
32,142,0,0
32,143,0,0
32,144,0,0
32,145,0,0
32,146,0,0
32,147,0,0
32,148,0,1
32,149,0,0
32,150,0,0
32,151,1,0
32,152,0,0
32,153,0,0
32,154,0,0
32,155,0,0
32,156,0,0
32,157,0,0
32,158,0,0
32,159,1,0
32,160,0,0
32,161,0,0
32,162,0,0
32,163,0,0
32,164,0,0
32,165,0,0
32,166,0,0
32,167,0,0
32,168,0,0
32,169,0,0
32,170,0,0
32,171,0,0
32,172,0,1
32,173,0,0
32,174,0,0
32,175,0,0
32,176,0,1
32,177,0,0
32,178,0,0
32,179,0,1
32,180,0,1
32,181,0,1
32,182,0,0
32,183,0,0
32,184,0,1
32,185,0,1
32,186,0,0
32,187,1,1
32,188,0,0
32,189,0,0
32,190,0,0
32,191,0,1
32,192,0,0
32,193,0,1
32,194,0,0
32,195,0,0
32,196,1,0
32,197,0,1
32,198,1,1
32,199,0,0
32,200,0,1
32,201,1,1
32,202,0,0
32,203,0,1
35,0,0,0
35,1,1,0
35,2,0,1
35,3,0,0
35,4,1,1
35,5,0,0
35,6,0,1
35,7,0,0
35,8,0,0
35,9,1,0
35,10,0,0
35,11,0,1
35,12,0,0
35,13,0,0
35,14,0,0
35,15,0,0
35,16,0,0
35,17,0,0
35,18,0,0
35,19,0,0
35,20,0,0
35,21,0,0
35,22,0,0
35,23,0,0
35,24,0,0
35,25,0,0
35,26,1,0
35,27,0,0
35,28,0,0
35,29,1,0
35,30,0,0
35,31,0,0
35,32,0,0
35,33,0,0
35,34,0,0
35,35,0,0
35,36,0,0
35,37,0,0
35,38,0,0
35,39,0,0
35,40,1,0
35,41,1,0
35,42,1,0
35,43,0,0
35,44,0,0
35,45,0,0
35,46,0,0
35,47,0,0
35,48,0,0
35,49,1,0
35,50,0,0
35,51,0,0
35,52,1,0
35,53,0,0
35,54,0,1
35,55,0,0
35,56,0,0
35,57,0,0
35,58,0,0
35,59,0,0
35,60,0,0
35,61,0,0
35,62,0,0
35,63,0,0
35,64,0,0
35,65,0,0
35,66,1,0
35,67,0,0
35,68,1,0
35,69,0,0
35,70,0,0
35,71,1,0
35,72,0,0
35,73,0,0
35,74,1,0
35,75,0,1
35,76,0,0
35,77,0,0
35,78,0,0
35,79,0,0
35,80,0,1
35,81,0,0
35,82,0,0
35,83,0,0
35,84,0,0
35,85,1,0
35,86,0,0
35,87,0,0
35,88,0,0
35,89,0,0
35,90,0,0
35,91,0,0
35,92,0,0
35,93,0,0
35,94,1,0
35,95,0,0
35,96,0,0
35,97,0,0
35,98,0,0
35,99,0,0
35,100,1,1
35,101,0,0
35,102,0,0
35,103,0,0
35,104,0,0
35,105,0,0
35,106,0,0
35,107,0,0
35,108,0,0
35,109,0,0
35,110,0,0
35,111,0,0
35,112,0,0
35,113,1,0
35,114,0,0
35,115,0,0
35,116,0,0
35,117,0,0
35,118,0,1
35,119,0,1
35,120,0,0
35,121,0,0
35,122,0,0
35,123,0,0
35,124,0,0
35,125,0,0
35,126,0,1
35,127,0,0
35,128,0,0
35,129,0,0
35,130,0,0
35,131,0,0
35,132,0,0
35,133,0,0
35,134,0,0
35,135,0,0
35,136,0,0
35,137,0,0
35,138,0,0
35,139,1,0
35,140,0,0
35,141,0,0
35,142,0,0
35,143,0,0
35,144,0,0
35,145,0,0
35,146,0,0
35,147,0,0
35,148,0,0
35,149,0,0
35,150,1,0
35,151,1,0
35,152,0,0
35,153,0,0
35,154,0,0
35,155,0,0
35,156,0,0
35,157,1,0
35,158,0,0
35,159,0,0
35,160,0,0
35,161,0,0
35,162,0,0
35,163,0,0
35,164,0,0
35,165,0,0
35,166,1,0
35,167,1,0
35,168,0,0
35,169,0,0
35,170,0,0
35,171,0,0
35,172,1,0
35,173,0,0
35,174,0,0
35,175,0,0
35,176,0,0
35,177,0,0
35,178,1,0
35,179,0,0
35,180,0,0
35,181,0,0
35,182,1,0
35,183,0,0
35,184,0,0
35,185,0,0
35,186,0,0
35,187,0,0
35,188,0,0
35,189,0,1
35,190,0,1
35,191,0,1
35,192,1,0
35,193,0,0
35,194,0,0
35,195,0,0
35,196,0,0
35,197,0,1
35,198,0,0
35,199,0,0
35,200,0,0
35,201,0,0
35,202,0,0
35,203,0,0
35,204,0,0
35,205,0,0
35,206,0,0
35,207,1,0
35,208,0,0
35,209,0,0
35,210,0,0
35,211,0,0
35,212,0,0
35,213,0,0
35,214,0,0
35,215,0,0
35,216,0,0
35,217,0,0
35,218,0,0
35,219,0,0
35,220,0,0
35,221,0,0
35,222,0,0
35,223,0,0
35,224,0,0
35,225,0,0
35,226,1,0
35,227,0,1
35,228,0,0
35,229,1,0
35,230,0,0
35,231,0,0
35,232,0,0
35,233,0,0
35,234,1,0
35,235,0,0
35,236,0,0
35,237,0,0
35,238,0,0
35,239,0,0
35,240,0,0
35,241,0,0
35,242,0,0
35,243,0,0
35,244,0,0
35,245,0,0
35,246,0,1
35,247,1,0
35,248,0,0
35,249,1,0
35,250,0,0
35,251,0,0
35,252,0,0
35,253,0,0
35,254,0,0
35,255,0,0
35,256,1,0
35,257,0,1
35,258,0,1
35,259,1,1
35,260,0,0
35,261,0,0
35,262,0,0
35,263,1,0
35,264,0,0
35,265,0,0
35,266,0,0
35,267,0,0
35,268,0,0
35,269,0,0
35,270,1,0
35,271,0,0
35,272,0,0
35,273,0,0
35,274,0,0
35,275,0,0
35,276,0,0
35,277,0,0
35,278,0,0
35,279,0,0
35,280,0,0
35,281,0,0
35,282,0,0
35,283,0,0
35,284,1,0
35,285,1,0
35,286,0,0
35,287,0,0
35,288,0,0
38,0,0,0
38,1,0,0
38,2,0,0
38,3,0,0
38,4,0,0
38,5,0,0
38,6,0,0
38,7,0,0
38,8,0,0
38,9,0,0
38,10,1,0
38,11,0,1
38,12,1,0
38,13,0,0
38,14,0,0
38,15,1,0
38,16,0,1
38,17,0,1
38,18,0,0
38,19,0,0
38,20,0,0
38,21,0,1
38,22,0,0
38,23,0,0
38,24,0,0
38,25,0,0
38,26,0,0
38,27,1,0
38,28,0,1
38,29,0,0
38,30,0,0
38,31,0,0
38,32,1,0
38,33,0,0
38,34,0,0
38,35,0,0
38,36,1,0
38,37,0,0
38,38,0,0
38,39,0,0
38,40,0,0
38,41,0,0
38,42,0,0
38,43,1,0
38,44,0,0
38,45,0,0
38,46,0,0
38,47,0,1
38,48,1,1
38,49,0,0
38,50,0,0
38,51,0,0
38,52,0,0
38,53,1,0
38,54,0,0
38,55,0,0
38,56,0,0
38,57,0,0
38,58,0,0
38,59,0,0
38,60,0,0
38,61,0,0
38,62,0,0
38,63,0,0
38,64,0,0
38,65,0,0
38,66,0,0
38,67,0,1
38,68,0,0
38,69,0,1
38,70,0,0
38,71,1,0
38,72,1,0
38,73,0,0
38,74,0,0
38,75,0,0
38,76,0,0
38,77,1,0
38,78,0,1
38,79,0,0
38,80,0,0
38,81,0,0
38,82,0,0
38,83,0,0
38,84,0,0
38,85,1,0
38,86,0,0
38,87,0,0
38,88,0,0
38,89,1,0
38,90,0,0
38,91,0,0
38,92,0,0
38,93,0,0
38,94,0,0
38,95,0,0
38,96,0,0
38,97,0,0
38,98,0,0
38,99,1,0
38,100,0,1
38,101,0,0
38,102,0,0
38,103,0,0
38,104,0,0
38,105,0,0
38,106,0,0
38,107,0,0
38,108,0,0
38,109,0,0
38,110,0,0
38,111,0,0
38,112,0,0
38,113,0,1
38,114,0,1
38,115,0,0
38,116,0,0
38,117,0,0
38,118,0,0
38,119,0,1
38,120,0,1
38,121,0,0
38,122,1,0
38,123,0,0
38,124,1,0
38,125,1,0
38,126,0,0
38,127,0,0
38,128,1,0
38,129,0,0
38,130,0,0
38,131,0,0
38,132,0,0
38,133,0,0
38,134,0,0
38,135,0,0
38,136,0,0
38,137,0,0
38,138,0,0
38,139,1,0
38,140,0,0
38,141,1,0
38,142,0,0
38,143,1,0
38,144,0,0
38,145,0,0
38,146,1,0
38,147,0,0
38,148,0,1
38,149,0,1
38,150,0,0
38,151,0,1
38,152,1,0
38,153,0,1
38,154,0,0
38,155,0,0
38,156,0,1
38,157,0,0
38,158,0,0
38,159,0,1
38,160,1,1
38,161,0,0
38,162,0,0
38,163,1,0
38,164,1,0
38,165,0,0
38,166,0,0
38,167,1,0
38,168,1,0
38,169,1,0
38,170,1,1
38,171,0,0
38,172,1,1
38,173,0,1
38,174,0,0
38,175,0,0
38,176,0,0
38,177,0,0
38,178,0,0
38,179,0,0
38,180,0,0
38,181,0,0
38,182,0,0
38,183,0,0
38,184,0,0
38,185,0,0
38,186,0,0
38,187,0,0
38,188,1,0
38,189,0,0
38,190,1,0
38,191,0,0
38,192,0,1
38,193,0,0
38,194,1,1
38,195,0,1
38,196,0,0
38,197,0,0
38,198,0,0
38,199,0,1
38,200,0,0
38,201,0,0
38,202,0,0
38,203,0,0
38,204,1,0
38,205,0,1
38,206,0,0
38,207,0,0
38,208,0,0
38,209,0,0
38,210,0,0
38,211,0,1
38,212,0,0
38,213,0,0
38,214,1,0
38,215,0,0
38,216,0,0
38,217,0,0
38,218,1,1
38,219,0,0
38,220,0,1
38,221,1,0
38,222,0,0
38,223,0,0
38,224,1,0
38,225,0,0
38,226,0,0
38,227,0,0
38,228,0,0
38,229,0,1
38,230,0,1
38,231,0,0
38,232,0,1
38,233,1,1
38,234,0,1
38,235,0,0
38,236,0,0
38,237,0,0
38,238,0,0
38,239,0,0
38,240,0,1
38,241,1,0
38,242,0,0
38,243,1,0
38,244,0,0
38,245,0,0
38,246,0,0
38,247,1,0
38,248,0,0
38,249,0,0
38,250,1,0
38,251,0,0
38,252,0,0
38,253,0,0
38,254,0,0
38,255,0,0
38,256,1,0
38,257,0,0
38,258,0,1
38,259,0,0
38,260,0,0
38,261,0,0
38,262,0,0
38,263,0,0
38,264,0,0
38,265,1,0
38,266,0,0
38,267,0,0
38,268,0,0
38,269,0,0
38,270,0,0
38,271,1,0
38,272,0,0
38,273,0,0
38,274,1,0
38,275,0,0
38,276,1,0
38,277,0,0
38,278,0,0
38,279,0,0
38,280,0,0
38,281,0,0
38,282,0,0
38,283,0,0
38,284,0,0
38,285,1,0
38,286,0,0
41,0,0,0
41,1,0,0
41,2,0,0
41,3,0,0
41,4,0,0
41,5,0,0
41,6,0,0
41,7,1,0
41,8,0,0
41,9,0,0
41,10,0,0
41,11,0,0
41,12,1,0
41,13,0,0
41,14,0,0
41,15,1,0
41,16,0,0
41,17,0,0
41,18,0,1
41,19,0,1
41,20,0,1
41,21,0,0
41,22,0,0
41,23,0,0
41,24,0,0
41,25,0,1
41,26,0,0
41,27,0,0
41,28,1,1
41,29,0,1
41,30,0,0
41,31,0,1
41,32,0,1
41,33,0,0
41,34,0,0
41,35,0,0
41,36,0,0
41,37,0,0
41,38,0,0
41,39,0,1
41,40,0,1
41,41,0,0
41,42,0,0
41,43,0,0
41,44,0,1
41,45,0,0
41,46,0,0
41,47,0,0
41,48,1,0
41,49,0,0
41,50,0,1
41,51,0,0
41,52,0,0
41,53,0,0
41,54,0,0
41,55,0,1
41,56,0,0
41,57,0,1
41,58,0,0
41,59,1,1
41,60,0,0
41,61,0,0
41,62,0,1
41,63,0,1
41,64,0,1
41,65,0,0
41,66,0,0
41,67,0,0
41,68,0,0
41,69,0,0
41,70,0,0
41,71,0,1
41,72,0,0
41,73,0,0
41,74,1,0
41,75,0,0
41,76,0,1
41,77,1,1
41,78,0,0
41,79,0,0
41,80,0,0
41,81,0,0
41,82,0,0
41,83,0,1
41,84,0,0
41,85,0,0
41,86,0,0
41,87,0,1
41,88,0,0
41,89,0,0
41,90,0,0
41,91,0,1
41,92,0,0
41,93,0,0
41,94,1,0
41,95,0,0
41,96,0,0
41,97,0,0
41,98,0,0
41,99,0,1
41,100,0,1
41,101,0,1
41,102,0,0
41,103,1,0
41,104,0,1
41,105,0,0
41,106,0,1
41,107,0,1
41,108,0,0
41,109,0,0
41,110,0,0
41,111,0,1
41,112,0,0
41,113,0,0
41,114,0,0
41,115,0,0
41,116,0,0
41,117,0,1
41,118,0,1
41,119,0,0
41,120,0,0
41,121,0,0
41,122,0,0
41,123,0,0
41,124,0,0
41,125,0,0
41,126,0,0
41,127,0,0
41,128,0,0
41,129,0,0
41,130,0,0
41,131,0,0
41,132,0,0
41,133,0,0
41,134,0,0
41,135,0,0
41,136,0,0
41,137,0,0
41,138,0,0
41,139,0,1
41,140,0,0
41,141,0,0
41,142,0,0
41,143,0,0
41,144,0,0
41,145,1,0
41,146,0,1
41,147,0,1
41,148,0,1
41,149,0,0
41,150,0,0
41,151,0,0
41,152,0,0
41,153,0,0
41,154,0,0
41,155,0,0
41,156,0,1
41,157,1,0
41,158,0,0
41,159,0,0
41,160,0,0
41,161,0,0
41,162,0,0
41,163,0,1
41,164,0,1
41,165,0,0
41,166,0,0
41,167,0,0
41,168,0,0
41,169,0,0
41,170,0,0
41,171,0,0
41,172,0,0
41,173,0,1
41,174,1,0
41,175,0,0
41,176,0,0
41,177,0,1
41,178,0,0
41,179,0,0
41,180,0,0
41,181,0,0
41,182,0,0
41,183,1,0
41,184,1,0
41,185,0,0
41,186,0,0
41,187,0,0
41,188,0,0
41,189,0,1
41,190,0,1
41,191,0,0
42,0,1,1
42,1,1,0
42,2,0,1
42,3,0,0
42,4,0,0
42,5,1,1
42,6,0,1
42,7,0,0
42,8,0,0
42,9,0,1
42,10,0,1
42,11,0,0
42,12,0,1
42,13,0,0
42,14,0,1
42,15,0,0
42,16,0,0
42,17,0,0
42,18,0,0
42,19,0,0
42,20,0,0
42,21,1,0
42,22,0,0
42,23,0,0
42,24,0,0
42,25,0,1
42,26,0,0
42,27,0,1
42,28,0,0
42,29,0,0
42,30,0,0
42,31,0,0
42,32,0,0
42,33,0,0
42,34,0,1
42,35,0,0
42,36,0,0
42,37,0,0
42,38,0,0
42,39,0,0
42,40,0,0
42,41,0,0
42,42,0,1
42,43,0,1
42,44,0,1
42,45,0,0
42,46,0,0
42,47,0,0
42,48,1,1
42,49,1,1
42,50,0,0
42,51,0,0
42,52,0,0
42,53,0,1
42,54,0,0
42,55,0,0
42,56,0,0
42,57,0,0
42,58,1,1
42,59,0,1
42,60,0,1
42,61,1,0
42,62,0,1
42,63,0,0
42,64,0,1
42,65,0,0
42,66,0,0
42,67,0,0
42,68,1,1
42,69,0,0
42,70,0,0
42,71,1,0
42,72,0,0
42,73,1,0
42,74,0,0
42,75,0,0
42,76,0,0
42,77,0,0
42,78,0,1
42,79,0,0
42,80,0,0
42,81,0,0
42,82,0,0
42,83,0,0
42,84,0,0
42,85,0,0
42,86,0,0
42,87,0,0
42,88,0,0
42,89,0,0
42,90,0,0
42,91,0,0
42,92,0,0
42,93,0,1
42,94,0,1
42,95,0,0
42,96,0,0
42,97,0,0
42,98,0,0
42,99,0,1
42,100,0,1
42,101,1,0
42,102,0,1
42,103,0,1
42,104,0,1
42,105,1,1
42,106,0,1
42,107,0,0
42,108,0,0
42,109,0,0
42,110,0,1
42,111,0,0
42,112,0,0
42,113,0,1
42,114,0,0
42,115,0,0
42,116,0,0
42,117,0,1
42,118,0,0
42,119,0,0
42,120,0,0
42,121,0,0
42,122,0,0
42,123,0,0
42,124,0,0
42,125,0,0
42,126,0,0
42,127,0,0
42,128,0,0
42,129,0,0
42,130,0,0
42,131,0,1
42,132,0,0
42,133,0,0
42,134,0,0
42,135,1,0
42,136,0,0
42,137,0,0
42,138,0,0
42,139,0,1
42,140,1,0
42,141,0,0
42,142,0,0
42,143,0,0
42,144,1,0
42,145,0,0
42,146,0,0
42,147,1,1
42,148,0,1
42,149,0,1
42,150,0,0
42,151,0,1
42,152,0,1
42,153,0,1
42,154,0,1
42,155,1,1
42,156,1,0
42,157,0,1
42,158,0,0
42,159,0,1
42,160,0,1
42,161,1,1
42,162,0,0
42,163,0,0
42,164,0,0
42,165,0,0
42,166,0,0
42,167,0,0
42,168,1,0
42,169,0,0
42,170,0,0
42,171,0,0
42,172,0,0
42,173,0,0
42,174,0,0
42,175,0,0
42,176,0,0
42,177,0,0
42,178,0,0
42,179,0,0
42,180,0,0
42,181,0,0
42,182,0,0
42,183,0,0
42,184,0,0
42,185,0,0
42,186,0,0
42,187,0,0
42,188,0,0
42,189,0,0
42,190,0,0
42,191,0,0
42,192,0,0
42,193,0,0
42,194,0,0
42,195,0,1
42,196,0,0
42,197,0,0
44,0,0,0
44,1,0,0
44,2,0,0
44,3,0,0
44,4,0,0
44,5,0,0
44,6,0,0
44,7,1,0
44,8,0,0
44,9,1,1
44,10,0,0
44,11,0,0
44,12,0,0
44,13,0,0
44,14,0,1
44,15,0,1
44,16,0,0
44,17,0,0
44,18,0,0
44,19,0,0
44,20,0,0
44,21,0,0
44,22,0,0
44,23,0,0
44,24,1,1
44,25,0,0
44,26,0,0
44,27,1,1
44,28,1,0
44,29,0,0
44,30,0,0
44,31,0,0
44,32,0,0
44,33,0,0
44,34,0,0
44,35,0,0
44,36,0,0
44,37,0,0
44,38,0,0
44,39,0,0
44,40,0,0
44,41,0,0
44,42,0,0
44,43,0,1
44,44,0,0
44,45,0,0
44,46,0,1
44,47,0,0
44,48,0,0
44,49,0,0
44,50,1,0
44,51,0,0
44,52,0,0
44,53,1,0
44,54,0,0
44,55,0,0
44,56,0,0
44,57,0,0
44,58,0,0
44,59,0,0
44,60,0,0
44,61,0,0
44,62,0,0
44,63,0,0
44,64,0,0
44,65,0,0
44,66,0,1
44,67,0,1
44,68,0,0
44,69,0,0
44,70,1,1
44,71,0,0
44,72,1,0
44,73,0,0
44,74,0,0
44,75,0,0
44,76,0,0
44,77,0,0
44,78,0,0
44,79,0,0
44,80,0,0
44,81,0,0
44,82,0,1
44,83,0,0
44,84,0,1
44,85,0,0
44,86,0,0
44,87,0,0
44,88,0,0
44,89,0,0
44,90,0,0
44,91,0,0
44,92,0,0
44,93,0,0
44,94,0,0
44,95,0,1
44,96,0,0
44,97,0,0
44,98,0,0
44,99,0,0
44,100,0,0
44,101,0,0
44,102,0,0
44,103,0,0
44,104,1,0
44,105,0,0
44,106,0,0
44,107,0,0
44,108,1,1
44,109,0,0
44,110,1,0
44,111,0,0
44,112,0,1
44,113,0,1
44,114,0,0
44,115,0,0
44,116,0,0
44,117,0,0
44,118,0,0
44,119,0,1
44,120,0,0
44,121,0,0
44,122,1,0
44,123,0,0
44,124,0,0
44,125,0,0
44,126,0,1
44,127,0,1
44,128,0,0
44,129,0,0
44,130,0,1
44,131,0,0
44,132,0,0
44,133,0,0
44,134,0,0
44,135,0,1
44,136,0,0
44,137,1,0
44,138,0,0
44,139,0,0
44,140,0,0
44,141,0,1
44,142,0,0
44,143,0,1
44,144,0,1
44,145,1,1
44,146,0,1
44,147,0,1
44,148,1,1
44,149,0,0
44,150,0,0
44,151,0,0
44,152,0,0
44,153,0,1
44,154,0,0
44,155,0,0
44,156,1,0
44,157,1,0
44,158,0,0
44,159,0,0
44,160,0,0
44,161,0,1
44,162,1,1
44,163,0,0
44,164,0,1
44,165,0,0
44,166,0,0
44,167,0,0
44,168,1,0
44,169,0,1
44,170,0,0
44,171,0,0
44,172,0,0
44,173,0,0
44,174,0,0
44,175,0,0
44,176,0,0
44,177,0,0
44,178,0,0
44,179,1,0
44,180,1,1
44,181,0,0
44,182,0,0
44,183,1,0
44,184,1,0
44,185,0,0
44,186,0,0
44,187,1,1
44,188,0,1
44,189,0,0
44,190,0,0
44,191,0,0
44,192,0,0
44,193,0,0
44,194,0,1
44,195,0,0
44,196,0,0
44,197,0,0
44,198,0,0
44,199,0,1
44,200,0,0
44,201,0,0
44,202,0,0
44,203,0,1
44,204,0,0
44,205,0,1
44,206,0,0
44,207,1,0
44,208,0,0
44,209,0,0
44,210,0,0
44,211,0,1
44,212,0,0
44,213,0,1
44,214,0,0
44,215,0,0
44,216,0,0
44,217,0,0
44,218,0,1
44,219,0,0
44,220,0,0
45,0,0,0
45,1,0,1
45,2,0,0
45,3,0,0
45,4,0,0
45,5,0,0
45,6,0,1
45,7,1,0
45,8,0,0
45,9,0,0
45,10,1,0
45,11,0,0
45,12,1,0
45,13,0,0
45,14,0,0
45,15,1,1
45,16,0,0
45,17,0,1
45,18,0,0
45,19,1,0
45,20,0,0
45,21,0,1
45,22,0,1
45,23,0,1
45,24,0,0
45,25,0,0
45,26,0,0
45,27,0,1
45,28,0,0
45,29,0,0
45,30,0,0
45,31,0,0
45,32,1,0
45,33,1,0
45,34,0,0
45,35,0,0
45,36,0,0
45,37,0,0
45,38,0,0
45,39,0,0
45,40,0,0
45,41,1,0
45,42,0,0
45,43,0,0
45,44,0,0
45,45,0,0
45,46,0,0
45,47,0,0
45,48,0,0
45,49,0,0
45,50,0,0
45,51,0,0
45,52,0,0
45,53,0,0
45,54,0,1
45,55,0,0
45,56,0,0
45,57,0,0
45,58,0,1
45,59,0,0
45,60,1,1
45,61,0,0
45,62,0,0
45,63,0,0
45,64,0,1
45,65,0,1
45,66,0,0
45,67,0,1
45,68,0,1
45,69,0,0
45,70,0,1
45,71,0,1
45,72,0,1
45,73,0,0
45,74,0,1
45,75,0,0
45,76,0,0
45,77,0,0
45,78,0,1
45,79,0,1
45,80,0,0
45,81,0,0
45,82,0,1
45,83,0,0
45,84,0,1
45,85,0,0
45,86,0,0
45,87,0,0
45,88,0,0
45,89,0,0
45,90,0,0
45,91,0,0
45,92,0,0
45,93,0,0
45,94,0,0
45,95,0,0
45,96,0,0
45,97,0,0
45,98,1,0
45,99,0,0
45,100,0,0
45,101,0,0
45,102,0,1
45,103,0,0
45,104,0,0
45,105,0,0
45,106,1,0
45,107,0,1
45,108,0,0
45,109,0,0
45,110,0,0
45,111,0,0
45,112,1,0
45,113,0,0
45,114,0,0
45,115,0,0
45,116,1,0
45,117,0,1
45,118,0,1
45,119,0,0
45,120,0,0
45,121,0,0
45,122,0,0
45,123,0,0
45,124,0,0
45,125,0,0
45,126,0,0
45,127,0,0
45,128,1,0
45,129,0,0
45,130,0,0
45,131,0,0
45,132,0,0
45,133,0,0
45,134,0,0
45,135,0,0
45,136,0,0
45,137,0,0
45,138,0,0
45,139,0,0
45,140,0,0
45,141,0,0
45,142,0,0
45,143,0,0
45,144,0,0
45,145,0,0
45,146,0,0
45,147,0,0
45,148,0,0
45,149,0,0
45,150,0,0
45,151,0,0
45,152,0,0
45,153,0,0
45,154,1,0
45,155,0,0
45,156,1,0
45,157,0,0
45,158,1,0
45,159,0,0
45,160,0,0
45,161,0,0
45,162,0,0
45,163,0,0
45,164,0,0
45,165,0,0
45,166,0,0
45,167,1,0
45,168,0,0
45,169,0,0
45,170,0,0
45,171,1,0
45,172,0,0
45,173,0,1
45,174,0,0
45,175,0,0
45,176,0,1
45,177,1,0
45,178,0,1
45,179,0,1
45,180,0,0
45,181,0,0
45,182,0,0
45,183,0,0
45,184,0,0
45,185,0,0
45,186,0,0
45,187,0,1
45,188,0,0
45,189,0,0
45,190,0,1
45,191,0,1
45,192,0,1
45,193,0,0
45,194,0,0
45,195,0,0
45,196,0,0
45,197,0,0
45,198,1,0
45,199,1,0
45,200,0,0
45,201,0,1
45,202,0,1
45,203,0,1
45,204,0,1
45,205,0,1
45,206,0,0
45,207,0,0
45,208,0,1
45,209,0,0
45,210,0,0
45,211,0,1
45,212,1,1
45,213,0,1
45,214,1,1
45,215,0,0
45,216,0,1
45,217,0,0
45,218,0,0
45,219,0,0
45,220,1,1
45,221,0,1
45,222,0,0
45,223,1,0
45,224,0,1
45,225,0,1
45,226,0,1
45,227,0,0
45,228,0,1
45,229,0,0
45,230,0,1
45,231,0,0
45,232,0,0
45,233,0,0
45,234,0,0
45,235,0,0
45,236,0,1
45,237,0,0
45,238,0,0
45,239,0,0
45,240,0,0
45,241,0,0
45,242,0,0
45,243,0,0
45,244,0,0
45,245,0,1
45,246,0,0
45,247,0,0
45,248,0,0
45,249,0,0
45,250,0,0
45,251,1,0
45,252,0,1
45,253,0,0
45,254,0,1
45,255,0,0
45,256,0,0
45,257,0,0
45,258,0,0
45,259,0,1
45,260,0,0
45,261,0,0
46,0,0,0
46,1,0,0
46,2,0,0
46,3,0,0
46,4,0,0
46,5,1,0
46,6,0,0
46,7,0,1
46,8,0,1
46,9,0,1
46,10,0,0
46,11,0,0
46,12,0,1
46,13,0,1
46,14,0,0
46,15,0,1
46,16,0,0
46,17,0,0
46,18,0,0
46,19,0,1
46,20,0,1
46,21,1,1
46,22,0,0
46,23,0,1
46,24,0,0
46,25,0,0
46,26,0,0
46,27,1,1
46,28,0,0
46,29,0,1
46,30,0,0
46,31,0,0
46,32,0,0
46,33,0,1
46,34,0,1
46,35,0,0
46,36,0,0
46,37,0,1
46,38,0,1
46,39,0,0
46,40,0,1
46,41,0,1
46,42,0,0
46,43,0,0
46,44,0,1
46,45,0,0
46,46,1,1
46,47,1,0
46,48,0,1
46,49,0,0
46,50,1,0
46,51,0,0
46,52,0,0
46,53,0,0
46,54,0,1
46,55,0,0
46,56,0,0
46,57,0,0
46,58,0,0
46,59,0,0
46,60,0,0
46,61,0,0
46,62,1,0
46,63,0,0
46,64,0,1
46,65,0,0
46,66,0,1
46,67,0,0
46,68,0,1
46,69,0,1
46,70,0,1
46,71,0,1
46,72,0,1
46,73,0,0
46,74,0,0
46,75,0,1
46,76,0,0
46,77,0,1
46,78,1,1
46,79,0,0
46,80,1,0
46,81,0,0
46,82,0,1
46,83,0,0
46,84,0,0
46,85,0,0
46,86,0,0
46,87,0,0
46,88,0,1
46,89,0,0
46,90,0,0
46,91,0,0
46,92,0,0
46,93,1,0
46,94,1,1
46,95,0,0
46,96,0,0
46,97,0,0
46,98,0,0
46,99,0,1
46,100,0,0
46,101,0,0
46,102,0,1
46,103,0,0
46,104,0,0
46,105,0,1
46,106,0,0
46,107,0,0
46,108,1,0
46,109,0,0
46,110,0,1
46,111,0,0
46,112,0,0
46,113,1,1
46,114,0,1
46,115,0,1
46,116,0,0
46,117,0,1
46,118,0,0
46,119,0,0
46,120,0,1
46,121,0,0
46,122,0,1
46,123,0,0
46,124,0,0
46,125,0,0
46,126,0,0
46,127,1,1
46,128,0,0
46,129,0,0
46,130,0,1
46,131,0,0
46,132,0,0
46,133,0,0
46,134,0,0
46,135,0,0
46,136,0,0
46,137,0,1
46,138,1,0
47,0,0,1
47,1,0,0
47,2,0,0
47,3,0,0
47,4,1,0
47,5,0,0
47,6,0,0
47,7,0,0
47,8,0,0
47,9,0,0
47,10,0,0
47,11,0,1
47,12,0,0
47,13,1,0
47,14,0,0
47,15,1,0
47,16,0,0
47,17,0,0
47,18,0,0
47,19,0,0
47,20,0,1
47,21,0,0
47,22,1,0
47,23,0,1
47,24,0,0
47,25,0,0
47,26,0,0
47,27,1,0
47,28,0,0
47,29,0,1
47,30,0,0
47,31,0,1
47,32,0,1
47,33,0,0
47,34,0,0
47,35,0,0
47,36,0,0
47,37,0,1
47,38,0,0
47,39,0,0
47,40,0,1
47,41,0,1
47,42,0,0
47,43,1,0
47,44,0,1
47,45,0,1
47,46,0,0
47,47,0,0
47,48,0,0
47,49,0,0
47,50,0,0
47,51,0,0
47,52,0,1
47,53,0,0
47,54,0,0
47,55,1,0
47,56,0,0
47,57,0,0
47,58,0,0
47,59,0,0
47,60,1,0
47,61,0,0
47,62,0,1
47,63,0,0
47,64,0,0
47,65,0,1
47,66,1,1
47,67,0,0
47,68,0,0
47,69,0,0
47,70,0,0
47,71,1,0
47,72,0,0
47,73,0,1
47,74,0,0
47,75,1,0
47,76,0,0
47,77,0,1
47,78,0,0
47,79,0,0
47,80,0,0
47,81,1,1
47,82,0,1
47,83,0,1
47,84,0,0
47,85,0,1
47,86,1,0
47,87,0,1
47,88,1,0
47,89,0,0
47,90,0,0
47,91,0,0
47,92,0,0
47,93,0,0
47,94,0,0
47,95,0,0
47,96,0,0
47,97,0,0
47,98,0,0
47,99,1,0
47,100,0,0
47,101,0,0
47,102,0,0
47,103,1,0
47,104,0,0
47,105,0,1
47,106,0,0
47,107,0,0
47,108,0,0
47,109,0,1
47,110,0,1
47,111,0,0
47,112,0,0
47,113,0,1
47,114,0,0
47,115,0,0
47,116,0,1
47,117,0,0
47,118,0,0
47,119,0,0
47,120,0,1
47,121,0,0
47,122,0,0
47,123,0,0
47,124,0,1
47,125,0,0
47,126,0,0
47,127,0,1
47,128,1,0
47,129,1,0
47,130,0,0
47,131,0,0
47,132,1,0
47,133,0,0
47,134,0,1
47,135,0,0
47,136,1,0
47,137,0,0
47,138,0,0
47,139,0,0
47,140,0,0
47,141,0,0
47,142,0,0
47,143,0,1
47,144,0,0
47,145,0,0
47,146,0,0
47,147,0,0
47,148,1,0
47,149,0,0
47,150,0,0
47,151,0,0
47,152,0,0
47,153,0,0
47,154,1,0
47,155,0,0
47,156,0,0
47,157,0,0
47,158,0,0
47,159,0,0
47,160,1,0
47,161,0,1
47,162,0,0
47,163,0,0
47,164,0,0
47,165,0,0
47,166,0,0
47,167,0,0
47,168,0,0
47,169,0,0
47,170,0,1
47,171,0,0
47,172,1,1
47,173,0,0
47,174,0,0
47,175,1,0
47,176,1,0
47,177,0,0
47,178,0,0
47,179,1,0
47,180,0,1
47,181,1,1
49,0,0,0
49,1,0,0
49,2,0,0
49,3,0,0
49,4,0,0
49,5,0,1
49,6,1,0
49,7,0,1
49,8,0,0
49,9,0,0
49,10,0,0
49,11,0,0
49,12,0,1
49,13,0,0
49,14,0,1
49,15,0,0
49,16,0,0
49,17,0,0
49,18,0,1
49,19,0,0
49,20,0,0
49,21,0,0
49,22,0,0
49,23,1,0
49,24,0,0
49,25,0,0
49,26,0,0
49,27,0,0
49,28,0,0
49,29,0,0
49,30,1,0
49,31,1,0
49,32,0,1
49,33,0,1
49,34,1,1
49,35,0,0
49,36,0,0
49,37,0,0
49,38,0,0
49,39,0,0
49,40,0,0
49,41,0,0
49,42,0,0
49,43,0,0
49,44,0,0
49,45,0,0
49,46,0,0
49,47,0,0
49,48,0,0
49,49,0,0
49,50,0,0
49,51,0,0
49,52,0,0
49,53,0,0
49,54,0,1
49,55,0,0
49,56,0,0
49,57,0,0
49,58,0,0
49,59,0,0
49,60,0,0
49,61,0,0
49,62,1,0
49,63,0,0
49,64,0,0
49,65,0,0
49,66,0,0
49,67,0,1
49,68,0,0
49,69,0,0
49,70,0,0
49,71,0,0
49,72,0,0
49,73,1,1
49,74,0,0
49,75,0,0
49,76,0,0
49,77,0,0
49,78,0,0
49,79,0,0
49,80,1,0
49,81,0,0
49,82,0,0
49,83,0,0
49,84,0,1
49,85,0,1
49,86,0,1
49,87,0,0
49,88,0,0
49,89,0,0
49,90,0,0
49,91,0,0
49,92,0,0
49,93,0,0
49,94,0,0
49,95,0,0
49,96,0,1
49,97,0,0
49,98,0,0
49,99,0,0
49,100,0,0
49,101,0,0
49,102,0,0
49,103,0,0
49,104,0,0
49,105,0,0
49,106,0,0
49,107,0,0
49,108,1,0
49,109,0,0
49,110,0,0
49,111,0,1
49,112,0,0
49,113,0,1
49,114,0,1
49,115,0,1
49,116,0,0
49,117,0,1
49,118,0,1
49,119,0,1
49,120,0,0
49,121,0,1
49,122,0,1
49,123,0,0
49,124,0,0
49,125,0,0
49,126,0,0
49,127,0,0
49,128,0,0
49,129,0,0
49,130,0,0
49,131,0,0
49,132,0,0
49,133,0,0
49,134,0,1
49,135,0,0
49,136,0,0
49,137,0,1
49,138,0,0
49,139,0,0
49,140,0,0
49,141,0,0
49,142,0,0
49,143,0,0
49,144,0,0
49,145,0,0
49,146,0,0
49,147,0,0
49,148,0,0
49,149,0,1
49,150,0,1
49,151,0,0
49,152,0,0
49,153,0,0
49,154,0,0
49,155,0,0
49,156,0,0
49,157,0,0
49,158,0,0
49,159,0,0
49,160,0,0
49,161,0,0
49,162,1,0
49,163,0,1
49,164,0,0
49,165,0,1
49,166,1,0
49,167,1,1
49,168,1,0
49,169,0,0
49,170,0,0
49,171,0,0
49,172,0,0
49,173,1,1
49,174,0,0
49,175,1,1
49,176,0,0
49,177,0,0
49,178,0,1
49,179,0,0
49,180,0,0
49,181,0,0
49,182,0,0
49,183,0,0
49,184,0,0
49,185,1,0
49,186,0,0
49,187,0,0
49,188,0,0
49,189,0,0
49,190,0,0
49,191,0,0
49,192,0,0
49,193,1,0
49,194,0,0
49,195,0,0
49,196,0,0
49,197,0,0
49,198,0,1
49,199,0,0
49,200,1,0
49,201,0,0
49,202,0,0
49,203,0,0
49,204,0,0
49,205,0,0
49,206,0,0
49,207,0,1
49,208,0,0
49,209,0,0
49,210,0,0
49,211,0,1
49,212,0,0
49,213,0,0
49,214,0,0
49,215,0,0
49,216,0,0
49,217,0,1
49,218,0,0
49,219,0,0
49,220,0,0
49,221,0,0
49,222,0,1
49,223,0,0
49,224,0,0
49,225,0,0
49,226,0,0
49,227,0,0
49,228,0,0
49,229,0,0
49,230,0,0
49,231,0,1
49,232,1,0
49,233,0,0
49,234,0,0
49,235,1,0
49,236,0,0
49,237,0,0
49,238,0,0
49,239,0,0
49,240,0,0
49,241,1,1
49,242,0,0
49,243,0,0
50,0,0,0
50,1,1,0
50,2,0,0
50,3,0,0
50,4,1,0
50,5,0,0
50,6,0,0
50,7,0,0
50,8,0,0
50,9,0,0
50,10,0,0
50,11,0,0
50,12,0,0
50,13,0,0
50,14,0,0
50,15,0,0
50,16,0,0
50,17,0,0
50,18,0,0
50,19,0,0
50,20,0,1
50,21,0,0
50,22,1,0
50,23,0,0
50,24,0,0
50,25,0,0
50,26,0,0
50,27,0,0
50,28,1,0
50,29,0,0
50,30,0,0
50,31,0,0
50,32,0,0
50,33,0,0
50,34,0,0
50,35,0,0
50,36,0,0
50,37,0,0
50,38,0,0
50,39,0,0
50,40,0,0
50,41,0,0
50,42,0,0
50,43,0,0
50,44,1,0
50,45,0,0
50,46,0,0
50,47,0,0
50,48,0,0
50,49,0,0
50,50,0,0
50,51,0,0
50,52,0,0
50,53,0,0
50,54,0,0
50,55,1,0
50,56,0,0
50,57,0,0
50,58,0,0
50,59,0,0
50,60,0,0
50,61,0,0
50,62,0,0
50,63,0,0
50,64,0,0
50,65,0,0
50,66,0,0
50,67,0,0
50,68,0,1
50,69,0,0
50,70,1,0
50,71,0,0
50,72,0,0
50,73,0,1
50,74,0,0
50,75,1,0
50,76,0,0
50,77,0,0
50,78,0,0
50,79,0,0
50,80,0,0
50,81,0,0
50,82,0,0
50,83,0,0
50,84,0,0
50,85,0,0
50,86,1,0
50,87,0,0
50,88,0,0
50,89,0,0
50,90,0,0
50,91,0,0
50,92,0,0
50,93,0,0
50,94,1,0
50,95,1,0
50,96,0,0
50,97,0,0
50,98,0,0
50,99,0,0
50,100,1,0
50,101,0,0
50,102,0,0
50,103,1,0
50,104,0,0
50,105,0,0
50,106,0,0
50,107,0,0
50,108,0,0
50,109,0,0
50,110,0,0
50,111,0,0
50,112,0,0
50,113,1,0
50,114,1,0
50,115,0,0
50,116,0,0
50,117,0,0
50,118,0,0
50,119,0,0
50,120,0,0
50,121,0,0
50,122,1,0
50,123,0,0
50,124,0,0
50,125,0,0
50,126,1,0
50,127,0,0
50,128,0,0
50,129,0,0
50,130,0,0
50,131,0,0
50,132,0,0
50,133,0,0
50,134,0,0
50,135,0,0
50,136,0,0
50,137,1,0
50,138,0,0
50,139,0,0
50,140,0,0
50,141,0,0
50,142,0,0
50,143,0,0
50,144,0,0
50,145,0,0
50,146,0,0
50,147,0,0
50,148,0,0
50,149,1,0
50,150,0,0
50,151,0,0
50,152,0,1
50,153,0,0
50,154,0,0
50,155,0,0
50,156,0,0
50,157,1,0
50,158,0,0
50,159,0,0
50,160,0,0
50,161,0,0
50,162,0,0
50,163,0,0
50,164,0,0
50,165,0,0
50,166,0,0
50,167,0,0
50,168,0,1
50,169,0,1
50,170,0,0
50,171,0,0
50,172,0,0
50,173,0,1
50,174,0,1
50,175,0,0
50,176,0,1
50,177,0,1
50,178,0,0
50,179,0,0
50,180,0,0
50,181,0,0
50,182,0,0
50,183,0,0
50,184,0,0
50,185,0,0
50,186,0,0
50,187,0,0
50,188,0,0
50,189,0,0
50,190,0,0
50,191,0,0
50,192,0,0
50,193,0,0
50,194,0,0
50,195,0,0
50,196,0,0
50,197,0,1
50,198,0,0
50,199,0,0
50,200,0,0
50,201,0,0
50,202,0,0
50,203,0,0
50,204,0,0
50,205,0,1
50,206,0,0
50,207,0,0
50,208,0,0
50,209,0,0
50,210,1,0
50,211,0,0
50,212,0,0
50,213,0,0
50,214,1,0
50,215,0,0
50,216,0,0
50,217,1,0
50,218,0,0
50,219,0,0
50,220,0,0
50,221,0,0
50,222,0,0
50,223,0,0
50,224,0,0
50,225,0,1
50,226,0,0
50,227,0,1
50,228,0,0
50,229,0,1
50,230,0,0
50,231,0,0
50,232,0,0
50,233,0,0
50,234,0,0
50,235,0,0
50,236,0,0
50,237,1,0
50,238,0,0
50,239,0,1
50,240,0,0
50,241,0,0
50,242,0,0
50,243,0,0
50,244,1,0
50,245,0,0
50,246,0,0
50,247,0,0
50,248,0,0
50,249,0,1
50,250,0,0
51,0,0,0
51,1,0,0
51,2,0,0
51,3,0,0
51,4,0,0
51,5,0,0
51,6,0,1
51,7,0,0
51,8,0,0
51,9,0,0
51,10,0,0
51,11,0,0
51,12,1,0
51,13,0,0
51,14,0,0
51,15,0,0
51,16,0,0
51,17,1,0
51,18,0,0
51,19,0,0
51,20,0,0
51,21,0,0
51,22,0,1
51,23,0,0
51,24,0,1
51,25,0,0
51,26,1,0
51,27,0,1
51,28,0,0
51,29,1,0
51,30,0,0
51,31,0,0
51,32,0,0
51,33,0,1
51,34,1,0
51,35,0,1
51,36,0,0
51,37,0,0
51,38,0,0
51,39,0,0
51,40,0,0
51,41,0,0
51,42,0,0
51,43,0,0
51,44,0,1
51,45,0,0
51,46,0,0
51,47,0,0
51,48,1,0
51,49,0,0
51,50,0,1
51,51,0,0
51,52,1,0
51,53,0,0
51,54,0,0
51,55,0,1
51,56,0,0
51,57,0,0
51,58,0,1
51,59,0,0
51,60,0,1
51,61,0,0
51,62,0,0
51,63,0,0
51,64,0,1
51,65,0,1
51,66,0,0
51,67,0,1
51,68,0,1
51,69,1,0
51,70,0,0
51,71,0,0
51,72,0,0
51,73,0,0
51,74,0,0
51,75,0,1
51,76,0,1
51,77,0,1
51,78,0,0
51,79,0,0
51,80,0,0
51,81,0,0
51,82,0,0
51,83,0,0
51,84,0,0
51,85,0,0
51,86,0,0
51,87,0,1
51,88,0,0
51,89,0,0
51,90,0,0
51,91,0,0
51,92,0,0
51,93,0,0
51,94,0,0
51,95,0,0
51,96,0,0
51,97,0,0
51,98,0,0
51,99,0,0
51,100,0,1
51,101,0,1
51,102,0,1
51,103,0,0
51,104,0,1
51,105,0,0
51,106,0,0
51,107,0,0
51,108,0,1
51,109,0,1
51,110,0,0
51,111,0,0
51,112,0,0
51,113,0,0
51,114,0,1
51,115,0,1
51,116,0,0
51,117,0,0
51,118,0,0
51,119,0,1
51,120,0,0
51,121,0,0
51,122,0,0
51,123,0,0
51,124,0,0
51,125,0,0
51,126,0,1
51,127,0,0
51,128,0,0
51,129,0,0
51,130,0,0
51,131,0,0
51,132,1,0
51,133,0,0
51,134,0,0
51,135,0,0
51,136,0,0
51,137,0,0
51,138,0,0
51,139,0,0
51,140,0,0
51,141,0,0
51,142,0,0
51,143,0,0
51,144,0,0
51,145,0,0
51,146,0,0
51,147,1,0
51,148,1,1
51,149,0,0
51,150,0,0
51,151,0,0
51,152,0,0
51,153,0,0
51,154,0,0
51,155,0,0
51,156,0,0
51,157,0,0
51,158,0,0
51,159,0,0
51,160,0,0
51,161,0,0
51,162,0,0
51,163,0,0
51,164,1,0
51,165,0,0
51,166,0,0
51,167,0,0
51,168,0,0
51,169,0,0
51,170,0,0
51,171,0,0
51,172,1,0
51,173,1,0
51,174,1,0
51,175,0,0
51,176,0,0
51,177,0,0
51,178,0,0
51,179,0,0
51,180,0,0
51,181,0,0
51,182,0,0
51,183,0,0
51,184,0,0
51,185,0,0
51,186,0,0
51,187,0,0
51,188,0,0
51,189,0,0
51,190,0,0
51,191,0,0
51,192,0,0
51,193,0,1
51,194,0,0
51,195,0,0
51,196,0,0
51,197,0,0
51,198,0,1
51,199,1,0
51,200,0,1
51,201,0,1
51,202,0,1
51,203,1,0
51,204,0,1
51,205,0,0
51,206,0,0
51,207,0,1
51,208,1,0
51,209,0,0
51,210,1,1
51,211,0,0
51,212,0,0
51,213,0,1
51,214,0,0
51,215,1,0
51,216,0,0
51,217,0,1
51,218,0,1
51,219,0,0
51,220,0,1
51,221,0,0
51,222,0,0
51,223,0,1
51,224,0,0
51,225,0,0
51,226,0,0
51,227,1,0
51,228,1,1
51,229,0,0
51,230,1,0
51,231,0,0
51,232,0,0
51,233,0,1
51,234,0,0
51,235,0,0
51,236,0,0
51,237,1,0
51,238,0,0
51,239,0,0
51,240,0,0
51,241,0,1
51,242,0,0
51,243,0,0
51,244,0,0
51,245,0,0
51,246,0,0
51,247,0,0
51,248,0,0
51,249,0,0
51,250,0,0
51,251,0,0
51,252,1,0
51,253,0,0
51,254,1,0
51,255,0,0
51,256,1,0
51,257,0,0
51,258,0,0
51,259,0,1
51,260,0,0
51,261,0,0
51,262,0,0
51,263,1,0
51,264,0,0
51,265,0,0
51,266,0,0
51,267,1,0
51,268,0,0
51,269,0,0
51,270,0,0
51,271,0,0
51,272,0,0
51,273,0,0
51,274,0,0
51,275,0,0
51,276,0,1
51,277,1,1
51,278,1,1
51,279,0,0
51,280,0,0
51,281,0,0
51,282,0,1
51,283,0,1
51,284,0,1
51,285,0,1
51,286,0,1
51,287,0,0
51,288,0,0
51,289,0,0
51,290,0,0
51,291,0,0
51,292,0,0
51,293,0,0
51,294,0,1
51,295,0,1
51,296,0,0
51,297,0,1
51,298,0,0
51,299,0,1
51,300,0,0
51,301,0,1
51,302,1,0
51,303,0,0
51,304,0,0
51,305,1,1
51,306,0,0
51,307,0,0
51,308,0,0
51,309,0,0
51,310,0,0
51,311,0,0
51,312,0,0
51,313,1,1
51,314,1,1
51,315,0,0
51,316,0,0
51,317,0,0
51,318,0,0
51,319,0,0
51,320,0,0
51,321,0,0
51,322,0,1
51,323,0,0
51,324,0,1
51,325,0,0
51,326,0,0
54,0,1,0
54,1,0,0
54,2,0,0
54,3,1,0
54,4,0,0
54,5,0,1
54,6,0,0
54,7,0,0
54,8,0,0
54,9,0,0
54,10,0,0
54,11,0,1
54,12,0,0
54,13,0,0
54,14,0,0
54,15,0,0
54,16,0,0
54,17,1,0
54,18,0,0
54,19,1,0
54,20,0,0
54,21,0,0
54,22,0,0
54,23,0,0
54,24,0,0
54,25,1,0
54,26,0,1
54,27,0,0
54,28,0,0
54,29,1,0
54,30,0,1
54,31,0,0
54,32,0,0
54,33,0,0
54,34,0,0
54,35,0,0
54,36,0,0
54,37,0,0
54,38,0,0
54,39,1,0
54,40,0,0
54,41,0,0
54,42,1,0
54,43,0,0
54,44,0,0
54,45,0,0
54,46,0,1
54,47,1,0
54,48,0,1
54,49,0,1
54,50,0,0
54,51,1,0
54,52,1,1
54,53,0,0
54,54,0,0
54,55,1,0
54,56,1,0
54,57,0,0
54,58,0,0
54,59,0,0
54,60,0,0
54,61,0,0
54,62,0,0
54,63,0,1
54,64,0,1
54,65,0,1
54,66,0,0
54,67,0,0
54,68,0,1
54,69,0,1
54,70,0,0
54,71,0,0
54,72,0,1
54,73,0,1
54,74,0,1
54,75,0,1
54,76,0,1
54,77,0,0
54,78,0,0
54,79,0,1
54,80,0,0
54,81,0,0
54,82,0,0
54,83,0,0
54,84,0,1
54,85,0,0
54,86,0,0
54,87,0,0
54,88,1,1
54,89,1,0
54,90,0,0
54,91,0,0
54,92,0,1
54,93,0,0
54,94,0,0
54,95,0,0
54,96,0,0
54,97,0,0
54,98,0,0
54,99,0,0
54,100,0,0
54,101,0,0
54,102,1,0
54,103,0,0
54,104,0,1
54,105,0,1
54,106,0,1
54,107,0,0
54,108,0,0
54,109,0,1
54,110,0,0
54,111,0,1
54,112,0,1
54,113,1,0
54,114,0,1
54,115,0,0
54,116,0,0
54,117,1,0
54,118,0,1
54,119,0,0
54,120,1,0
54,121,0,0
54,122,0,0
54,123,0,1
54,124,0,1
54,125,0,1
54,126,0,0
54,127,0,0
54,128,0,0
54,129,1,1
54,130,0,0
54,131,1,1
54,132,0,0
54,133,0,1
54,134,0,0
54,135,0,0
54,136,0,0
54,137,0,0
54,138,0,1
54,139,0,1
54,140,0,0
54,141,1,0
54,142,1,1
54,143,1,0
54,144,1,1
54,145,0,1
54,146,0,1
54,147,1,0
54,148,0,0
54,149,0,0
54,150,0,0
54,151,0,1
54,152,0,0
54,153,1,0
54,154,0,0
54,155,0,1
54,156,0,0
54,157,0,0
54,158,0,0
54,159,0,1
54,160,1,0
54,161,0,1
54,162,0,0
54,163,0,1
54,164,0,0
54,165,1,0
54,166,0,0
54,167,0,0
54,168,0,0
54,169,0,0
54,170,0,1
54,171,0,0
54,172,0,0
54,173,0,0
54,174,0,0
54,175,0,0
54,176,0,1
54,177,0,1
54,178,0,0
54,179,0,0
54,180,0,1
54,181,0,0
54,182,0,0
54,183,0,0
54,184,0,0
54,185,1,0
54,186,0,0
54,187,0,0
54,188,0,1
54,189,0,1
54,190,0,1
54,191,0,0
54,192,0,0
54,193,0,1
54,194,0,1
54,195,1,1
54,196,0,0
54,197,0,1
54,198,0,1
54,199,0,0
54,200,1,0
54,201,0,0
54,202,1,0
54,203,0,0
54,204,0,0
54,205,1,0
54,206,1,0
54,207,0,0
54,208,1,0
54,209,1,0
54,210,0,0
54,211,1,1
54,212,0,0
54,213,0,0
54,214,0,1
54,215,0,1
54,216,0,0
54,217,1,0
54,218,0,0
54,219,0,1
54,220,1,0
54,221,0,0
54,222,0,0
54,223,0,0
54,224,0,0
54,225,0,1
54,226,0,1
54,227,0,0
54,228,0,0
54,229,0,1
54,230,0,0
54,231,0,0
54,232,0,1
54,233,0,0
54,234,0,0
54,235,0,0
54,236,0,0
54,237,0,0
54,238,0,1
54,239,1,0
54,240,0,0
54,241,0,1
54,242,0,1
54,243,1,0
54,244,0,1
54,245,0,0
54,246,0,0
54,247,0,0
54,248,0,0
54,249,0,1
54,250,1,0
54,251,0,0
54,252,0,0
54,253,0,0
54,254,1,0
54,255,0,1
54,256,0,0
56,0,1,0
56,1,0,0
56,2,0,0
56,3,0,1
56,4,0,1
56,5,0,0
56,6,0,1
56,7,0,1
56,8,0,0
56,9,0,0
56,10,0,0
56,11,0,0
56,12,0,0
56,13,0,0
56,14,0,0
56,15,0,0
56,16,0,0
56,17,0,0
56,18,0,0
56,19,0,0
56,20,0,0
56,21,0,0
56,22,0,0
56,23,0,0
56,24,0,0
56,25,0,0
56,26,0,0
56,27,0,0
56,28,0,0
56,29,0,0
56,30,0,0
56,31,1,1
56,32,0,0
56,33,0,0
56,34,0,0
56,35,0,0
56,36,0,0
56,37,0,0
56,38,0,1
56,39,0,1
56,40,0,0
56,41,0,0
56,42,0,0
56,43,0,0
56,44,0,0
56,45,0,0
56,46,0,1
56,47,0,0
56,48,0,0
56,49,0,0
56,50,0,0
56,51,0,0
56,52,0,0
56,53,0,0
56,54,0,1
56,55,0,0
56,56,0,0
56,57,0,0
56,58,0,1
56,59,0,0
56,60,1,1
56,61,0,0
56,62,0,0
56,63,0,0
56,64,0,0
56,65,0,0
56,66,0,0
56,67,1,1
56,68,0,1
56,69,0,0
56,70,0,0
56,71,0,1
56,72,0,1
56,73,0,0
56,74,0,0
56,75,0,0
56,76,0,1
56,77,1,0
56,78,0,1
56,79,0,0
56,80,0,1
56,81,0,1
56,82,0,0
56,83,1,0
56,84,0,1
56,85,0,1
56,86,0,0
56,87,0,0
56,88,0,0
56,89,0,0
56,90,0,0
56,91,0,1
56,92,0,0
56,93,0,0
56,94,0,0
56,95,0,0
56,96,1,1
56,97,0,0
56,98,0,0
56,99,0,0
56,100,0,0
56,101,0,0
56,102,0,0
56,103,0,0
56,104,0,0
56,105,0,1
56,106,0,1
56,107,0,0
56,108,0,0
56,109,0,1
56,110,0,1
56,111,0,1
56,112,0,1
56,113,0,0
56,114,0,0
56,115,0,0
56,116,0,1
56,117,0,0
56,118,0,0
56,119,0,0
56,120,1,0
56,121,0,0
56,122,0,1
56,123,0,0
56,124,1,1
56,125,0,0
56,126,1,0
56,127,0,0
56,128,1,0
56,129,0,1
56,130,1,1
56,131,0,1
56,132,0,0
56,133,0,0
56,134,0,0
56,135,0,1
56,136,0,0
56,137,0,1
56,138,0,0
56,139,1,0
56,140,0,0
56,141,0,0
56,142,1,0
56,143,0,0
56,144,0,0
56,145,0,0
56,146,0,0
56,147,0,0
56,148,0,0
56,149,0,0
56,150,0,1
56,151,0,1
56,152,0,1
56,153,1,1
56,154,0,0
56,155,0,0
56,156,0,0
56,157,0,0
56,158,0,0
56,159,0,0
56,160,0,1
56,161,1,0
56,162,0,0
56,163,0,0
56,164,0,0
56,165,0,0
56,166,0,0
56,167,0,0
56,168,0,0
56,169,0,0
56,170,0,0
56,171,0,0
56,172,0,0
56,173,0,0
56,174,0,0
56,175,0,0
56,176,1,0
56,177,0,0
56,178,0,0
56,179,0,0
56,180,1,1
56,181,0,0
56,182,0,0
56,183,1,1
56,184,1,0
56,185,1,0
56,186,0,0
56,187,0,0
56,188,0,0
56,189,0,1
56,190,0,1
56,191,0,0
56,192,1,1
56,193,1,0
56,194,1,1
56,195,0,0
56,196,0,0
56,197,0,0
56,198,0,1
56,199,0,0
56,200,0,0
56,201,0,1
56,202,0,0
56,203,0,0
56,204,0,0
56,205,0,0
56,206,0,1
56,207,0,0
58,0,0,1
58,1,0,0
58,2,0,1
58,3,0,1
58,4,0,1
58,5,0,1
58,6,0,0
58,7,0,0
58,8,0,0
58,9,0,1
58,10,0,0
58,11,0,0
58,12,0,0
58,13,0,1
58,14,0,0
58,15,1,0
58,16,0,0
58,17,0,0
58,18,0,0
58,19,0,0
58,20,0,0
58,21,0,0
58,22,0,0
58,23,0,1
58,24,0,0
58,25,0,0
58,26,1,0
58,27,0,1
58,28,0,0
58,29,0,1
58,30,0,1
58,31,0,0
58,32,0,0
58,33,0,1
58,34,0,0
58,35,0,0
58,36,0,0
58,37,0,0
58,38,0,1
58,39,0,1
58,40,0,1
58,41,0,0
58,42,1,0
58,43,0,0
58,44,0,0
58,45,0,0
58,46,0,0
58,47,0,1
58,48,1,1
58,49,0,1
58,50,0,1
58,51,0,0
58,52,0,1
58,53,0,0
58,54,0,1
58,55,1,1
58,56,1,0
58,57,0,0
58,58,0,0
58,59,1,0
58,60,0,1
58,61,0,0
58,62,0,0
58,63,0,0
58,64,0,0
58,65,0,0
58,66,0,0
58,67,0,0
58,68,0,0
58,69,1,1
58,70,0,0
58,71,0,1
58,72,0,0
58,73,0,0
58,74,0,0
58,75,0,0
58,76,0,0
58,77,0,1
58,78,0,1
58,79,0,0
58,80,1,1
58,81,1,0
58,82,0,0
58,83,0,1
58,84,0,0
58,85,0,0
58,86,0,1
58,87,0,1
58,88,1,0
58,89,0,0
58,90,0,0
58,91,0,0
58,92,0,0
58,93,0,0
58,94,0,0
58,95,0,0
58,96,1,0
58,97,0,0
58,98,0,0
58,99,0,0
58,100,0,1
58,101,0,0
58,102,0,0
58,103,1,1
58,104,0,1
58,105,0,0
58,106,1,0
58,107,0,1
58,108,0,0
58,109,0,0
58,110,0,1
58,111,0,0
58,112,0,0
58,113,0,0
58,114,0,0
58,115,0,0
58,116,1,0
58,117,0,1
58,118,0,1
58,119,0,0
58,120,1,0
58,121,0,1
58,122,0,0
58,123,1,0
58,124,0,0
58,125,1,0
58,126,0,0
58,127,0,0
58,128,0,0
58,129,0,0
58,130,0,0
58,131,0,0
58,132,0,0
58,133,0,0
58,134,0,0
58,135,0,0
58,136,0,0
58,137,0,0
58,138,0,0
58,139,1,0
58,140,1,0
58,141,0,0
58,142,0,0
58,143,0,0
58,144,0,0
58,145,0,0
58,146,0,0
58,147,0,0
58,148,0,0
58,149,0,0
58,150,0,0
58,151,1,0
58,152,1,0
58,153,0,0
58,154,0,0
58,155,0,0
58,156,0,0
58,157,0,0
58,158,0,0
58,159,1,0
58,160,0,0
58,161,0,0
58,162,0,0
58,163,0,0
58,164,0,0
58,165,0,0
58,166,0,0
58,167,0,0
58,168,0,0
58,169,0,0
58,170,0,0
58,171,0,0
58,172,0,0
58,173,0,0
58,174,0,0
58,175,0,0
58,176,0,0
58,177,0,0
58,178,0,0
58,179,0,0
58,180,1,0
58,181,0,0
58,182,0,0
58,183,0,0
58,184,0,0
58,185,1,0
58,186,0,0
58,187,0,0
58,188,0,0
58,189,0,0
58,190,0,0
58,191,0,0
58,192,0,0
58,193,0,1
58,194,0,0
58,195,0,0
58,196,0,0
58,197,0,0
58,198,1,0
58,199,0,0
58,200,0,1
58,201,0,0
58,202,0,0
58,203,0,0
58,204,0,0
58,205,1,0
58,206,0,0
58,207,0,0
58,208,0,0
58,209,0,0
58,210,1,1
58,211,1,0
58,212,0,0
58,213,0,0
58,214,0,0
58,215,0,0
58,216,0,0
58,217,0,0
58,218,0,0
58,219,0,0
58,220,0,0
58,221,0,0
58,222,0,0
58,223,0,0
58,224,0,0
58,225,0,0
58,226,1,1
58,227,0,0
58,228,0,0
58,229,1,0
58,230,0,0
58,231,0,0
58,232,0,0
58,233,0,0
58,234,0,0
58,235,0,0
58,236,0,1
58,237,0,0
58,238,0,1
58,239,0,0
58,240,0,0
58,241,0,0
58,242,1,0
58,243,0,0
58,244,0,0
58,245,0,0
58,246,0,0
58,247,0,0
58,248,0,0
58,249,1,0
58,250,1,0
58,251,0,0
58,252,0,0
58,253,0,0
58,254,0,0
58,255,0,0
58,256,0,0
58,257,0,0
58,258,0,1
58,259,1,1
58,260,0,0
58,261,0,0
58,262,1,0
58,263,0,0
58,264,0,0
58,265,0,0
58,266,0,0
58,267,0,1
58,268,0,0
58,269,0,1
58,270,0,0
58,271,0,0
58,272,0,1
58,273,1,0
58,274,0,1
58,275,0,1
58,276,0,0
58,277,0,0
58,278,0,0
58,279,0,1
58,280,1,1
58,281,0,0
58,282,1,0
58,283,0,0
58,284,0,1
58,285,0,0
58,286,1,1
58,287,0,0
58,288,0,0
58,289,0,0
58,290,0,0
58,291,0,0
58,292,0,0
58,293,0,0
58,294,0,0
58,295,0,0
58,296,0,0
58,297,0,0
58,298,0,0
58,299,0,1
58,300,0,0
58,301,1,1
58,302,0,0
58,303,0,0
58,304,0,1
58,305,0,1
58,306,0,0
58,307,0,0
58,308,0,0
58,309,0,0
58,310,0,0
58,311,1,0
58,312,1,0
58,313,0,0
58,314,0,1
58,315,0,0
58,316,0,0
58,317,0,0
58,318,0,0
58,319,0,0
58,320,0,0
58,321,0,0
58,322,0,0
58,323,1,1
58,324,1,0
58,325,0,0
58,326,0,0
58,327,0,1
58,328,0,0
59,0,0,0
59,1,0,1
59,2,0,0
59,3,0,0
59,4,0,0
59,5,0,1
59,6,0,0
59,7,0,0
59,8,0,0
59,9,0,0
59,10,1,0
59,11,0,0
59,12,1,1
59,13,0,0
59,14,0,0
59,15,1,0
59,16,0,0
59,17,0,0
59,18,0,0
59,19,0,0
59,20,0,0
59,21,0,0
59,22,0,1
59,23,0,1
59,24,0,0
59,25,0,0
59,26,0,1
59,27,0,1
59,28,1,0
59,29,0,0
59,30,0,0
59,31,0,0
59,32,0,0
59,33,0,1
59,34,0,0
59,35,0,1
59,36,0,0
59,37,0,0
59,38,0,0
59,39,0,0
59,40,1,1
59,41,0,0
59,42,1,0
59,43,0,0
59,44,0,0
59,45,0,0
59,46,0,0
59,47,0,0
59,48,0,0
59,49,0,0
59,50,0,0
59,51,0,1
59,52,0,1
59,53,0,0
59,54,0,0
59,55,0,0
59,56,1,0
59,57,0,0
59,58,0,0
59,59,0,0
59,60,0,0
59,61,0,0
59,62,0,1
59,63,0,0
59,64,0,0
59,65,0,0
59,66,0,1
59,67,0,0
59,68,0,1
59,69,0,0
59,70,0,0
59,71,0,1
59,72,0,1
59,73,0,0
59,74,0,0
59,75,0,0
59,76,0,0
59,77,0,1
59,78,1,0
59,79,0,1
59,80,0,0
59,81,0,0
59,82,0,0
59,83,0,0
59,84,0,0
59,85,0,0
59,86,0,0
59,87,0,0
59,88,1,0
59,89,0,0
59,90,0,0
59,91,0,0
59,92,1,0
59,93,0,0
59,94,0,0
59,95,0,0
59,96,1,0
59,97,0,1
59,98,0,0
59,99,1,1
59,100,0,0
59,101,0,0
59,102,0,0
59,103,0,0
59,104,1,0
59,105,0,0
59,106,0,0
59,107,0,0
59,108,0,0
59,109,0,0
59,110,0,0
59,111,0,0
59,112,0,0
59,113,0,0
59,114,1,0
59,115,0,0
59,116,0,0
59,117,0,0
59,118,0,0
59,119,0,0
59,120,0,0
59,121,0,0
59,122,0,0
59,123,0,0
59,124,0,0
59,125,0,1
59,126,0,1
59,127,0,0
59,128,0,0
59,129,0,1
59,130,0,0
59,131,0,0
59,132,0,0
59,133,0,0
59,134,0,0
59,135,0,0
59,136,0,0
59,137,0,1
59,138,0,0
59,139,0,0
59,140,0,0
59,141,0,0
59,142,0,0
59,143,0,0
59,144,0,0
59,145,0,0
59,146,0,0
59,147,0,0
59,148,0,1
59,149,0,0
59,150,0,0
59,151,0,1
59,152,0,1
59,153,0,1
59,154,0,0
59,155,0,1
59,156,1,1
59,157,0,1
59,158,0,0
59,159,0,0
59,160,0,1
59,161,0,0
59,162,0,0
59,163,0,0
59,164,0,1
59,165,0,1
59,166,0,0
59,167,0,1
59,168,0,0
59,169,0,1
59,170,0,0
59,171,0,0
59,172,0,1
59,173,0,1
59,174,0,0
59,175,0,0
59,176,0,0
59,177,0,0
59,178,0,0
59,179,0,0
59,180,1,0
59,181,0,0
59,182,0,0
59,183,0,0
59,184,0,0
59,185,0,0
59,186,0,0
59,187,0,0
59,188,0,0
59,189,0,0
59,190,0,1
59,191,1,0
59,192,0,0
59,193,0,0
59,194,0,0
59,195,0,0
59,196,0,1
59,197,0,0
59,198,0,0
59,199,0,0
59,200,0,0
59,201,0,0
59,202,0,0
59,203,0,0
59,204,0,0
59,205,0,0
59,206,0,0
59,207,0,0
59,208,0,0
59,209,0,0
59,210,0,0
59,211,0,1
59,212,0,0
59,213,0,0
59,214,0,0
59,215,0,1
59,216,0,0
59,217,0,0
59,218,0,0
59,219,0,0
59,220,0,0
59,221,0,0
59,222,0,0
59,223,0,0
59,224,0,0
59,225,0,0
59,226,1,0
59,227,0,0
59,228,0,1
59,229,0,1
59,230,0,0
59,231,0,0
59,232,1,0
59,233,0,0
59,234,1,0
59,235,1,0
59,236,0,1
59,237,0,0
59,238,0,1
59,239,0,0
59,240,1,1
59,241,0,0
59,242,0,0
59,243,0,0
59,244,0,0
59,245,1,0
59,246,0,1
59,247,0,0
59,248,0,0
59,249,1,0
59,250,0,0
59,251,1,0
59,252,0,0
59,253,0,0
59,254,0,0
59,255,0,0
59,256,0,1
59,257,0,0
59,258,0,0
59,259,0,0
59,260,0,0
59,261,1,0
59,262,0,0
59,263,0,0
59,264,0,0
59,265,0,0
59,266,0,0
59,267,1,0
59,268,0,0
59,269,0,0
59,270,0,0
59,271,0,0
59,272,0,0
59,273,0,0
59,274,0,1
59,275,0,0
59,276,0,0
59,277,0,0
59,278,0,0
59,279,0,1
59,280,0,0
59,281,0,0
59,282,0,0
59,283,0,0
59,284,0,0
59,285,0,0
59,286,0,0
59,287,0,0
59,288,0,0
59,289,0,0
59,290,0,0
59,291,0,0
59,292,0,0
59,293,1,0
59,294,0,0
59,295,0,0
59,296,0,0
59,297,0,0
59,298,0,0
59,299,0,0
59,300,1,0
59,301,0,0
59,302,0,0
59,303,0,0
59,304,0,0
59,305,0,0
59,306,0,0
59,307,0,0
59,308,0,0
59,309,0,0
59,310,0,0
59,311,1,0
59,312,1,0
59,313,0,0
59,314,0,0
59,315,0,0
59,316,1,0
59,317,0,0
59,318,0,0
59,319,0,0
59,320,1,0
59,321,0,0
59,322,0,0
59,323,0,0
59,324,0,0
59,325,0,0
59,326,0,0
59,327,0,1
59,328,0,1
59,329,0,0
59,330,0,0
59,331,0,0
59,332,0,0
59,333,0,0
59,334,0,0
59,335,0,0
59,336,0,0
59,337,0,0
59,338,0,0
59,339,0,0
59,340,1,0
59,341,1,1
59,342,0,0
59,343,0,1
59,344,0,0
59,345,0,1
59,346,0,0
59,347,0,0
59,348,0,0
59,349,0,0
59,350,0,0
59,351,0,0
59,352,0,0
59,353,0,0
59,354,0,0
59,355,0,0
61,0,0,0
61,1,0,0
61,2,0,0
61,3,0,0
61,4,0,0
61,5,0,0
61,6,0,0
61,7,0,0
61,8,0,0
61,9,0,0
61,10,0,0
61,11,0,0
61,12,0,0
61,13,0,1
61,14,0,0
61,15,0,1
61,16,0,0
61,17,0,1
61,18,1,1
61,19,0,1
61,20,0,1
61,21,0,1
61,22,0,1
61,23,0,0
61,24,0,0
61,25,0,0
61,26,0,0
61,27,0,0
61,28,0,0
61,29,0,1
61,30,0,1
61,31,0,0
61,32,0,0
61,33,0,0
61,34,0,0
61,35,0,0
61,36,1,0
61,37,0,1
61,38,0,1
61,39,0,0
61,40,0,0
61,41,0,0
61,42,0,0
61,43,0,1
61,44,0,0
61,45,1,0
61,46,0,0
61,47,0,0
61,48,0,0
61,49,1,1
61,50,0,0
61,51,0,0
61,52,0,1
61,53,0,1
61,54,0,0
61,55,0,1
61,56,0,0
61,57,0,1
61,58,0,1
61,59,0,0
61,60,0,0
61,61,0,0
61,62,0,1
61,63,0,1
61,64,1,0
61,65,0,0
61,66,0,0
61,67,0,0
61,68,0,1
61,69,1,0
61,70,1,0
61,71,0,1
61,72,0,0
61,73,0,0
61,74,0,1
61,75,0,0
61,76,0,1
61,77,0,0
61,78,0,1
61,79,0,0
61,80,0,0
61,81,0,0
61,82,0,0
61,83,0,1
61,84,0,0
61,85,0,0
61,86,0,0
61,87,0,0
61,88,0,0
61,89,0,1
61,90,0,0
61,91,0,0
61,92,0,0
61,93,0,0
61,94,0,0
61,95,0,0
61,96,0,0
61,97,0,1
61,98,0,0
61,99,0,0
61,100,0,0
61,101,0,1
61,102,0,1
61,103,0,0
61,104,0,1
61,105,0,0
61,106,0,1
61,107,0,0
61,108,0,1
61,109,1,1
61,110,0,0
61,111,1,1
61,112,0,1
61,113,0,0
61,114,0,0
61,115,0,0
61,116,0,1
61,117,1,0
61,118,0,0
61,119,0,0
61,120,0,1
61,121,0,1
61,122,0,1
61,123,0,1
61,124,0,1
61,125,0,0
61,126,1,1
61,127,0,1
61,128,1,1
61,129,1,1
61,130,0,1
61,131,0,1
61,132,0,1
61,133,0,1
61,134,0,1
61,135,1,1
61,136,1,1
61,137,0,1
61,138,0,0
61,139,0,0
61,140,0,1
61,141,0,0
61,142,0,0
61,143,1,0
61,144,0,0
61,145,0,1
61,146,0,0
61,147,0,1
61,148,0,0
61,149,1,1
61,150,0,0
61,151,0,1
61,152,0,0
61,153,0,1
61,154,0,1
61,155,1,0
61,156,0,1
61,157,0,1
61,158,1,1
61,159,0,1
61,160,1,1
61,161,0,1
61,162,0,1
61,163,0,0
61,164,0,1
61,165,0,0
61,166,0,1
61,167,0,1
61,168,0,0
61,169,0,1
61,170,0,1
61,171,1,1
61,172,0,1
61,173,0,1
61,174,0,1
61,175,0,0
61,176,0,0
61,177,0,1
61,178,0,1
61,179,0,0
61,180,0,1
61,181,0,1
61,182,0,1
61,183,0,1
61,184,0,0
61,185,0,1
61,186,1,1
61,187,0,0
61,188,0,0
61,189,0,0
63,0,0,1
63,1,1,0
63,2,0,0
63,3,0,0
63,4,1,0
63,5,0,0
63,6,0,0
63,7,0,0
63,8,0,1
63,9,0,0
63,10,1,0
63,11,0,0
63,12,0,1
63,13,0,0
63,14,0,0
63,15,0,0
63,16,0,0
63,17,0,1
63,18,0,0
63,19,0,0
63,20,0,1
63,21,0,0
63,22,0,1
63,23,0,1
63,24,0,0
63,25,1,0
63,26,0,1
63,27,0,0
63,28,0,0
63,29,0,0
63,30,0,0
63,31,0,0
63,32,0,1
63,33,0,1
63,34,0,1
63,35,0,1
63,36,0,1
63,37,0,0
63,38,0,1
63,39,0,1
63,40,0,0
63,41,0,0
63,42,0,0
63,43,0,0
63,44,0,0
63,45,0,0
63,46,1,1
63,47,1,1
63,48,0,0
63,49,0,1
63,50,0,1
63,51,0,1
63,52,0,0
63,53,0,0
63,54,0,1
63,55,0,1
63,56,0,0
63,57,1,1
63,58,0,1
63,59,0,1
63,60,1,0
63,61,0,0
63,62,0,1
63,63,0,0
63,64,0,0
63,65,0,1
63,66,0,0
63,67,0,0
63,68,0,0
63,69,1,0
63,70,0,1
63,71,0,0
63,72,0,0
63,73,0,0
63,74,0,0
63,75,0,0
63,76,0,1
63,77,0,1
63,78,0,0
63,79,0,0
63,80,0,0
63,81,0,1
63,82,0,0
63,83,0,0
63,84,0,0
63,85,0,0
63,86,0,1
63,87,0,1
63,88,0,1
63,89,0,0
63,90,0,1
63,91,0,0
63,92,0,0
63,93,0,0
63,94,0,1
63,95,0,0
63,96,0,0
63,97,0,1
63,98,0,0
63,99,0,1
63,100,0,0
63,101,1,1
63,102,0,0
63,103,0,0
63,104,1,1
63,105,0,0
63,106,0,0
63,107,0,0
63,108,0,0
63,109,0,0
63,110,0,0
63,111,0,0
63,112,1,0
63,113,0,1
63,114,1,0
63,115,0,1
63,116,0,1
63,117,0,0
63,118,0,0
63,119,0,0
63,120,0,1
63,121,1,1
63,122,0,0
63,123,0,0
63,124,1,0
63,125,0,0
63,126,0,0
63,127,0,1
63,128,0,0
63,129,0,0
63,130,0,1
63,131,0,0
63,132,0,0
63,133,0,1
63,134,0,0
63,135,0,0
63,136,1,1
63,137,1,0
63,138,0,1
63,139,0,1
63,140,0,0
63,141,0,1
63,142,0,0
63,143,0,0
63,144,0,0
63,145,0,0
63,146,0,1
63,147,0,0
63,148,0,0
63,149,1,1
63,150,0,0
63,151,0,0
63,152,0,0
63,153,1,0
63,154,0,0
63,155,0,0
63,156,1,0
63,157,0,0
63,158,0,1
63,159,0,1
63,160,0,0
63,161,0,0
63,162,0,1
63,163,1,0
63,164,0,0
63,165,0,1
63,166,0,0
63,167,0,0
63,168,0,0
63,169,0,0
63,170,0,0
63,171,0,0
63,172,0,1
63,173,0,0
63,174,0,0
63,175,1,1
63,176,0,1
63,177,0,1
63,178,0,1
63,179,0,1
63,180,1,1
63,181,0,1
63,182,0,0
63,183,0,1
63,184,1,1
63,185,1,1
63,186,0,1
63,187,0,1
63,188,0,1
63,189,0,1
63,190,0,1
63,191,0,1
63,192,0,1
63,193,0,0
63,194,1,0
63,195,0,1
63,196,0,0
63,197,0,0
63,198,0,0
63,199,0,0
63,200,0,0
63,201,0,0
63,202,0,0
63,203,0,0
63,204,0,0
63,205,1,0
63,206,0,0
63,207,0,0
63,208,0,0
63,209,0,0
63,210,0,0
63,211,0,0
63,212,0,0
63,213,0,0
63,214,0,0
63,215,0,0
63,216,0,1
63,217,0,0
63,218,0,0
63,219,0,0
63,220,0,0
63,221,1,0
63,222,0,0
63,223,0,1
63,224,0,1
63,225,0,0
63,226,0,0
63,227,0,0
63,228,0,0
63,229,0,1
63,230,0,0
63,231,0,0
63,232,0,0
63,233,0,0
63,234,0,1
63,235,0,1
63,236,0,1
63,237,0,0
63,238,0,1
63,239,0,0
63,240,0,0
63,241,0,1
63,242,1,1
63,243,0,0
63,244,1,1
63,245,0,0
63,246,0,0
63,247,1,0
63,248,0,0
63,249,0,1
63,250,0,0
63,251,0,0
63,252,0,0
63,253,0,0
63,254,0,1
63,255,0,0
63,256,0,0
64,0,0,0
64,1,0,1
64,2,0,0
64,3,0,0
64,4,0,0
64,5,0,0
64,6,0,1
64,7,0,0
64,8,0,1
64,9,0,0
64,10,0,1
64,11,0,0
64,12,0,1
64,13,1,0
64,14,0,0
64,15,0,0
64,16,0,0
64,17,0,0
64,18,0,0
64,19,0,1
64,20,0,0
64,21,1,1
64,22,0,1
64,23,0,0
64,24,1,1
64,25,0,0
64,26,0,0
64,27,0,0
64,28,0,0
64,29,0,0
64,30,0,0
64,31,0,1
64,32,0,0
64,33,1,0
64,34,0,0
64,35,0,0
64,36,0,0
64,37,0,0
64,38,0,0
64,39,0,0
64,40,0,0
64,41,0,0
64,42,0,0
64,43,0,0
64,44,0,1
64,45,0,0
64,46,0,0
64,47,0,0
64,48,0,0
64,49,0,1
64,50,0,0
64,51,0,0
64,52,0,0
64,53,0,0
64,54,0,0
64,55,0,0
64,56,0,0
64,57,0,0
64,58,0,0
64,59,0,0
64,60,0,0
64,61,0,0
64,62,1,0
64,63,0,1
64,64,0,0
64,65,0,0
64,66,0,0
64,67,0,0
64,68,0,0
64,69,0,0
64,70,0,0
64,71,0,0
64,72,0,0
64,73,0,0
64,74,0,0
64,75,0,0
64,76,0,0
64,77,0,1
64,78,0,1
64,79,0,0
64,80,0,0
64,81,0,0
64,82,0,0
64,83,0,0
64,84,0,0
64,85,0,0
64,86,0,0
64,87,0,0
64,88,1,0
64,89,0,0
64,90,0,0
64,91,0,0
64,92,0,1
64,93,1,1
64,94,0,0
64,95,0,0
64,96,0,1
64,97,0,1
64,98,0,0
64,99,0,0
64,100,0,1
64,101,0,0
64,102,0,1
64,103,0,1
64,104,0,0
64,105,0,0
64,106,0,0
64,107,0,0
64,108,1,0
64,109,0,0
64,110,0,0
64,111,0,0
64,112,0,0
64,113,0,0
64,114,0,0
64,115,0,0
64,116,0,0
64,117,0,1
64,118,0,1
64,119,0,1
64,120,0,0
64,121,0,1
64,122,0,0
64,123,0,1
64,124,1,0
64,125,1,0
64,126,0,0
64,127,1,0
64,128,0,0
64,129,0,0
64,130,0,0
64,131,1,0
64,132,1,0
64,133,0,0
64,134,0,0
64,135,0,0
64,136,0,0
64,137,0,0
64,138,0,1
64,139,0,0
64,140,1,0
64,141,0,1
64,142,1,0
64,143,0,0
64,144,0,0
64,145,0,0
64,146,0,0
64,147,0,0
64,148,1,0
64,149,0,0
64,150,0,0
64,151,0,0
64,152,0,0
64,153,0,0
64,154,0,0
64,155,0,1
64,156,0,0
64,157,0,0
64,158,0,0
64,159,1,0
64,160,0,0
64,161,0,0
64,162,0,0
64,163,0,0
64,164,0,0
64,165,0,0
64,166,0,0
64,167,0,0
64,168,1,0
64,169,0,0
64,170,0,0
64,171,1,0
64,172,1,0
64,173,0,0
64,174,0,0
64,175,0,0
64,176,0,0
64,177,0,0
64,178,0,0
64,179,0,0
64,180,0,0
64,181,0,0
64,182,0,0
64,183,0,0
64,184,0,0
64,185,0,0
64,186,0,0
64,187,0,0
64,188,0,0
64,189,0,0
64,190,0,0
64,191,0,0
64,192,1,0
64,193,0,0
64,194,0,0
64,195,0,0
64,196,1,0
64,197,0,0
64,198,0,0
64,199,0,0
64,200,0,0
64,201,0,0
64,202,0,1
64,203,1,0
64,204,0,0
64,205,0,0
64,206,0,0
64,207,0,0
64,208,0,0
64,209,1,0
64,210,1,0
64,211,0,0
64,212,0,0
64,213,0,0
64,214,0,0
64,215,0,0
64,216,1,0
64,217,1,0
64,218,0,0
64,219,0,0
64,220,0,0
64,221,0,0
64,222,0,0
64,223,1,0
64,224,0,0
64,225,0,1
64,226,1,0
64,227,0,0
64,228,1,0
64,229,0,0
64,230,0,0
64,231,0,0
64,232,0,0
64,233,0,0
64,234,0,0
64,235,1,0
64,236,0,0
64,237,0,0
64,238,0,0
64,239,0,0
64,240,0,1
64,241,0,1
64,242,0,1
64,243,0,0
64,244,0,0
64,245,0,0
64,246,0,0
64,247,0,0
64,248,1,0
64,249,0,0
64,250,0,0
64,251,0,0
64,252,0,0
64,253,0,0
64,254,0,0
64,255,0,0
64,256,0,0
64,257,0,1
64,258,0,1
64,259,0,1
64,260,0,0
64,261,0,0
64,262,0,0
64,263,0,0
64,264,0,0
64,265,0,0
64,266,0,0
64,267,0,0
64,268,0,0
64,269,0,0
64,270,1,0
64,271,0,0
64,272,0,0
64,273,0,0
64,274,0,0
64,275,0,0
64,276,1,0
64,277,0,0
64,278,1,1
64,279,0,0
64,280,0,1
64,281,0,0
64,282,1,1
64,283,1,1
64,284,0,1
64,285,0,1
64,286,1,1
64,287,0,0
64,288,0,0
64,289,0,0
64,290,0,0
64,291,0,0
64,292,0,0
64,293,0,0
64,294,1,0
64,295,1,0
64,296,1,0
66,0,0,0
66,1,0,0
66,2,0,0
66,3,0,1
66,4,0,0
66,5,0,0
66,6,0,1
66,7,0,1
66,8,0,0
66,9,0,0
66,10,0,0
66,11,0,0
66,12,0,0
66,13,0,0
66,14,0,0
66,15,0,0
66,16,0,0
66,17,1,0
66,18,0,0
66,19,0,0
66,20,0,0
66,21,0,0
66,22,0,0
66,23,0,0
66,24,0,0
66,25,0,0
66,26,0,0
66,27,0,0
66,28,0,1
66,29,0,0
66,30,0,0
66,31,0,0
66,32,0,1
66,33,0,0
66,34,0,0
66,35,0,0
66,36,0,0
66,37,0,0
66,38,0,0
66,39,0,0
66,40,0,0
66,41,0,0
66,42,0,0
66,43,0,0
66,44,0,1
66,45,0,0
66,46,0,0
66,47,0,0
66,48,0,1
66,49,0,0
66,50,0,0
66,51,0,0
66,52,0,1
66,53,0,1
66,54,0,0
66,55,0,1
66,56,0,1
66,57,0,0
66,58,0,1
66,59,0,1
66,60,0,1
66,61,0,0
66,62,0,0
66,63,0,0
66,64,0,1
66,65,0,1
66,66,0,1
66,67,0,1
66,68,1,1
66,69,1,1
66,70,0,1
66,71,0,1
66,72,0,1
66,73,1,1
66,74,0,0
66,75,1,0
66,76,0,1
66,77,0,1
66,78,0,0
66,79,0,0
66,80,0,0
66,81,0,1
66,82,0,1
66,83,0,1
66,84,0,0
66,85,0,0
66,86,0,1
66,87,0,0
66,88,0,0
66,89,1,1
66,90,0,1
66,91,0,1
66,92,0,0
66,93,0,0
66,94,1,0
66,95,1,1
66,96,0,0
66,97,0,0
66,98,0,0
66,99,0,0
66,100,1,0
66,101,0,0
66,102,0,0
66,103,0,0
66,104,0,0
66,105,0,0
66,106,0,0
66,107,0,0
66,108,0,0
66,109,0,0
66,110,0,0
66,111,0,1
66,112,0,0
66,113,0,0
66,114,0,0
66,115,0,0
66,116,0,1
66,117,0,0
66,118,0,0
66,119,1,0
66,120,1,0
66,121,0,0
66,122,0,0
66,123,0,0
66,124,0,1
66,125,0,1
66,126,1,0
66,127,0,0
66,128,0,0
66,129,1,0
66,130,0,1
66,131,1,0
66,132,0,0
66,133,0,0
66,134,0,0
66,135,0,0
66,136,1,0
66,137,0,1
66,138,0,1
66,139,0,0
66,140,0,1
66,141,0,0
66,142,0,1
66,143,0,1
66,144,0,0
66,145,0,1
66,146,1,0
66,147,0,0
66,148,0,0
66,149,1,1
66,150,0,0
66,151,0,0
66,152,0,0
66,153,0,0
66,154,0,0
66,155,0,0
66,156,0,0
66,157,0,1
66,158,1,1
66,159,1,1
66,160,1,0
66,161,0,0
66,162,1,0
66,163,0,0
66,164,0,0
66,165,0,0
66,166,0,0
66,167,0,0
66,168,0,0
66,169,0,0
66,170,0,0
66,171,0,1
66,172,0,0
66,173,0,0
66,174,0,0
66,175,0,0
66,176,0,1
66,177,0,1
66,178,0,0
66,179,0,0
66,180,0,0
66,181,0,0
66,182,0,1
66,183,0,1
66,184,1,1
66,185,0,1
66,186,0,0
66,187,1,1
66,188,0,0
66,189,0,0
66,190,0,0
66,191,0,0
66,192,0,0
67,0,0,0
67,1,0,0
67,2,0,0
67,3,0,0
67,4,0,1
67,5,0,0
67,6,0,1
67,7,0,1
67,8,0,0
67,9,0,1
67,10,0,0
67,11,0,1
67,12,1,1
67,13,0,1
67,14,0,1
67,15,0,0
67,16,0,1
67,17,0,0
67,18,0,0
67,19,0,1
67,20,0,0
67,21,1,0
67,22,0,0
67,23,0,1
67,24,0,0
67,25,0,0
67,26,0,0
67,27,0,0
67,28,0,1
67,29,0,0
67,30,1,0
67,31,0,0
67,32,0,0
67,33,0,0
67,34,0,1
67,35,0,1
67,36,0,1
67,37,0,0
67,38,0,0
67,39,0,0
67,40,0,0
67,41,0,0
67,42,0,0
67,43,0,0
67,44,1,1
67,45,0,0
67,46,0,0
67,47,0,0
67,48,0,0
67,49,0,0
67,50,0,0
67,51,0,0
67,52,0,0
67,53,0,0
67,54,0,0
67,55,0,0
67,56,0,0
67,57,0,0
67,58,0,0
67,59,0,0
67,60,0,0
67,61,0,0
67,62,1,1
67,63,0,0
67,64,0,0
67,65,0,0
67,66,0,1
67,67,1,0
67,68,0,0
67,69,1,0
67,70,1,1
67,71,1,1
67,72,0,0
67,73,0,1
67,74,0,0
67,75,0,1
67,76,0,0
67,77,0,0
67,78,0,0
67,79,0,0
67,80,0,0
67,81,1,0
67,82,0,0
67,83,0,0
67,84,0,0
67,85,0,0
67,86,0,0
67,87,0,0
67,88,1,1
67,89,0,1
67,90,0,0
67,91,1,1
67,92,0,0
67,93,0,0
67,94,0,0
67,95,0,0
67,96,0,0
67,97,0,0
67,98,0,0
67,99,0,0
67,100,0,0
67,101,0,0
67,102,1,0
67,103,0,0
67,104,0,0
67,105,0,0
67,106,0,0
67,107,0,0
67,108,0,1
67,109,0,0
67,110,0,0
67,111,0,0
67,112,0,0
67,113,0,1
67,114,0,0
67,115,1,0
67,116,0,0
67,117,0,0
67,118,0,0
67,119,1,0
67,120,1,0
67,121,0,0
67,122,0,1
67,123,0,1
67,124,0,1
67,125,0,0
67,126,0,0
67,127,0,0
67,128,0,0
67,129,1,0
67,130,0,0
67,131,1,0
67,132,0,0
67,133,1,0
67,134,0,0
67,135,0,0
67,136,0,0
67,137,0,0
67,138,0,0
67,139,0,0
67,140,0,1
67,141,0,0
67,142,0,0
67,143,0,0
67,144,0,0
67,145,0,0
67,146,0,0
67,147,0,0
67,148,0,0
67,149,0,0
67,150,0,0
67,151,1,0
67,152,0,0
69,0,0,0
69,1,0,0
69,2,0,0
69,3,0,0
69,4,0,0
69,5,0,0
69,6,0,0
69,7,0,0
69,8,0,0
69,9,0,1
69,10,0,0
69,11,0,0
69,12,0,0
69,13,0,1
69,14,0,1
69,15,0,0
69,16,0,0
69,17,0,0
69,18,0,0
69,19,0,0
69,20,0,0
69,21,0,0
69,22,0,0
69,23,0,0
69,24,0,0
69,25,0,0
69,26,0,0
69,27,0,1
69,28,0,0
69,29,0,0
69,30,1,0
69,31,0,0
69,32,0,0
69,33,0,0
69,34,0,0
69,35,0,0
69,36,0,1
69,37,1,0
69,38,0,0
69,39,0,0
69,40,0,0
69,41,0,0
69,42,1,0
69,43,0,0
69,44,0,1
69,45,0,0
69,46,1,0
69,47,0,0
69,48,0,0
69,49,1,0
69,50,0,0
69,51,0,0
69,52,0,0
69,53,0,0
69,54,0,0
69,55,1,0
69,56,0,0
69,57,0,0
69,58,0,1
69,59,0,1
69,60,0,0
69,61,0,0
69,62,0,1
69,63,0,1
69,64,1,1
69,65,0,0
69,66,0,0
69,67,0,0
69,68,0,0
69,69,0,0
69,70,0,0
69,71,0,1
69,72,0,0
69,73,0,1
69,74,0,1
69,75,0,1
69,76,0,1
69,77,0,0
69,78,0,1
69,79,0,0
69,80,1,1
69,81,0,1
69,82,0,1
69,83,0,0
69,84,0,0
69,85,0,0
69,86,1,1
69,87,0,0
69,88,0,0
69,89,0,0
69,90,0,0
69,91,0,1
69,92,0,0
69,93,1,0
69,94,0,0
69,95,0,0
69,96,0,0
69,97,0,0
69,98,0,0
69,99,0,0
69,100,0,0
69,101,0,0
69,102,1,1
69,103,0,0
69,104,0,1
69,105,0,1
69,106,0,0
69,107,0,0
69,108,0,0
69,109,0,0
69,110,0,0
69,111,0,0
69,112,0,0
69,113,0,0
69,114,0,0
69,115,0,0
69,116,0,0
69,117,0,1
69,118,0,1
69,119,0,0
69,120,1,0
69,121,0,0
69,122,0,0
69,123,0,0
69,124,1,0
69,125,0,0
69,126,0,0
69,127,0,0
69,128,0,0
69,129,0,0
69,130,0,0
69,131,0,1
69,132,1,0
69,133,1,0
69,134,1,0
69,135,0,0
69,136,0,0
69,137,0,1
69,138,0,0
69,139,0,0
69,140,0,0
69,141,0,0
69,142,0,0
69,143,0,0
69,144,0,0
69,145,0,0
69,146,0,1
69,147,0,0
69,148,0,0
69,149,0,1
69,150,0,0
69,151,0,0
69,152,0,0
69,153,0,0
69,154,0,0
69,155,0,0
69,156,0,0
69,157,0,0
69,158,0,0
69,159,0,0
69,160,1,0
69,161,0,0
69,162,0,0
69,163,0,0
69,164,1,0
69,165,0,0
69,166,0,0
69,167,0,0
69,168,0,0
69,169,0,0
69,170,0,0
69,171,1,0
69,172,0,0
69,173,0,0
69,174,0,0
69,175,0,0
69,176,0,0
69,177,0,0
69,178,0,0
69,179,0,0
69,180,0,0
69,181,0,0
69,182,0,0
69,183,0,0
69,184,0,0
69,185,0,0
69,186,1,0
69,187,1,0
69,188,0,0
69,189,0,0
69,190,0,0
69,191,0,0
69,192,0,0
69,193,0,0
69,194,0,0
69,195,0,0
69,196,0,0
69,197,0,0
69,198,0,0
69,199,1,0
69,200,0,0
69,201,0,0
69,202,0,0
69,203,0,0
69,204,0,0
70,0,0,0
70,1,1,0
70,2,0,0
70,3,0,0
70,4,0,0
70,5,0,0
70,6,0,0
70,7,0,0
70,8,0,0
70,9,0,0
70,10,0,0
70,11,0,0
70,12,1,0
70,13,1,0
70,14,1,0
70,15,0,0
70,16,0,0
70,17,1,0
70,18,0,0
70,19,0,0
70,20,0,0
70,21,0,0
70,22,1,0
70,23,0,0
70,24,1,0
70,25,0,0
70,26,0,0
70,27,0,1
70,28,1,0
70,29,0,0
70,30,0,0
70,31,0,0
70,32,0,0
70,33,0,0
70,34,0,0
70,35,0,0
70,36,0,0
70,37,0,0
70,38,0,0
70,39,1,0
70,40,0,0
70,41,0,0
70,42,0,0
70,43,0,0
70,44,0,0
70,45,0,0
70,46,0,0
70,47,0,0
70,48,0,0
70,49,0,0
70,50,0,1
70,51,1,1
70,52,0,0
70,53,0,0
70,54,0,0
70,55,0,1
70,56,1,0
70,57,0,0
70,58,0,0
70,59,0,1
70,60,0,1
70,61,0,1
70,62,0,0
70,63,0,1
70,64,0,0
70,65,0,1
70,66,1,1
70,67,0,0
70,68,0,0
70,69,0,0
70,70,0,0
70,71,0,1
70,72,0,1
70,73,0,0
70,74,1,0
70,75,0,0
70,76,0,0
70,77,0,0
70,78,0,0
70,79,1,0
70,80,0,0
70,81,0,0
70,82,0,0
70,83,0,0
70,84,1,1
70,85,0,0
70,86,0,0
70,87,0,0
70,88,1,0
70,89,0,0
70,90,1,0
70,91,0,1
70,92,0,0
70,93,0,0
70,94,0,0
70,95,0,0
70,96,0,0
70,97,0,0
70,98,0,0
70,99,0,0
70,100,0,1
70,101,0,0
70,102,0,0
70,103,0,0
70,104,1,0
70,105,1,0
70,106,0,0
70,107,0,0
70,108,0,0
70,109,0,0
70,110,0,0
70,111,0,0
70,112,0,0
70,113,0,0
70,114,1,0
70,115,0,0
70,116,0,0
70,117,0,0
70,118,0,0
70,119,1,0
70,120,0,0
70,121,0,0
70,122,0,0
70,123,0,0
70,124,1,0
70,125,0,0
70,126,0,0
70,127,0,0
70,128,0,0
70,129,0,0
70,130,0,0
70,131,0,0
70,132,0,0
70,133,0,0
70,134,0,0
70,135,1,0
70,136,0,0
70,137,0,0
70,138,0,0
70,139,1,0
70,140,0,0
70,141,0,0
70,142,1,0
70,143,1,0
70,144,0,0
70,145,0,0
70,146,0,0
70,147,0,0
70,148,0,0
70,149,0,0
70,150,0,0
70,151,0,0
70,152,0,0
70,153,1,0
70,154,1,0
70,155,1,0
70,156,0,0
70,157,0,0
70,158,0,0
70,159,0,0
70,160,0,0
70,161,0,0
70,162,1,0
70,163,0,0
70,164,0,0
70,165,0,1
70,166,0,0
70,167,1,0
70,168,0,0
70,169,0,0
70,170,0,0
70,171,0,0
70,172,0,0
70,173,0,0
70,174,0,0
70,175,0,0
70,176,0,0
70,177,0,0
70,178,0,0
70,179,0,0
70,180,0,0
70,181,0,0
70,182,0,0
70,183,1,0
70,184,0,0
70,185,0,0
70,186,0,0
70,187,0,0
70,188,0,0
70,189,0,0
70,190,0,0
70,191,0,1
70,192,1,0
70,193,1,0
70,194,1,0
70,195,0,0
70,196,0,0
70,197,0,0
70,198,0,0
70,199,0,0
70,200,0,1
70,201,0,1
70,202,0,0
70,203,0,0
70,204,0,0
70,205,0,0
70,206,0,1
70,207,0,0
70,208,0,0
70,209,0,0
70,210,0,0
70,211,1,0
70,212,0,0
70,213,0,0
70,214,0,0
70,215,1,0
70,216,1,0
70,217,0,0
70,218,0,0
70,219,0,0
70,220,0,0
70,221,0,0
70,222,0,0
70,223,1,0
70,224,0,0
70,225,0,0
70,226,0,0
70,227,0,0
70,228,0,0
70,229,0,0
70,230,0,0
70,231,0,0
70,232,0,0
70,233,0,0
70,234,0,0
70,235,0,0
70,236,0,0
70,237,0,0
70,238,0,0
70,239,0,0
70,240,0,0
70,241,0,0
70,242,0,0
70,243,0,0
70,244,0,0
70,245,0,0
70,246,0,0
70,247,1,0
70,248,0,0
70,249,0,0
70,250,0,0
70,251,1,0
70,252,0,0
70,253,0,0
70,254,0,0
70,255,0,0
70,256,0,0
70,257,1,0
70,258,0,0
70,259,0,1
70,260,0,0
70,261,0,0
70,262,1,0
70,263,0,0
70,264,0,0
70,265,0,0
70,266,0,0
70,267,0,0
70,268,1,0
70,269,0,0
70,270,0,1
70,271,0,0
70,272,0,0
70,273,0,0
70,274,0,0
70,275,0,1
70,276,0,0
70,277,0,0
70,278,0,0
70,279,0,0
70,280,0,0
70,281,0,0
70,282,0,0
70,283,0,0
70,284,0,1
70,285,0,0
70,286,0,0
70,287,0,0
70,288,0,0
70,289,0,1
70,290,1,0
70,291,0,0
70,292,0,0
70,293,1,1
70,294,0,0
70,295,0,0
70,296,0,0
70,297,0,1
71,0,0,0
71,1,0,0
71,2,0,0
71,3,0,0
71,4,0,0
71,5,0,0
71,6,0,0
71,7,0,0
71,8,0,0
71,9,0,0
71,10,0,0
71,11,0,0
71,12,0,0
71,13,1,0
71,14,0,0
71,15,0,0
71,16,0,0
71,17,0,0
71,18,0,0
71,19,0,0
71,20,0,0
71,21,0,0
71,22,0,0
71,23,0,0
71,24,0,0
71,25,0,0
71,26,1,0
71,27,0,0
71,28,0,0
71,29,1,0
71,30,0,0
71,31,0,0
71,32,0,0
71,33,0,0
71,34,0,0
71,35,0,0
71,36,0,1
71,37,0,0
71,38,0,0
71,39,0,0
71,40,0,0
71,41,0,0
71,42,0,0
71,43,1,1
71,44,0,1
71,45,0,1
71,46,0,0
71,47,0,0
71,48,1,0
71,49,0,1
71,50,0,1
71,51,0,0
71,52,0,0
71,53,0,0
71,54,0,1
71,55,1,1
71,56,1,0
71,57,0,1
71,58,0,1
71,59,0,1
71,60,0,1
71,61,0,1
71,62,0,0
71,63,0,1
71,64,0,1
71,65,0,1
71,66,0,0
71,67,0,0
71,68,1,0
71,69,0,1
71,70,0,0
71,71,0,1
71,72,0,0
71,73,0,1
71,74,0,0
71,75,0,1
71,76,1,0
71,77,0,0
71,78,0,0
71,79,1,0
71,80,0,0
71,81,0,1
71,82,0,0
71,83,0,0
71,84,0,0
71,85,0,0
71,86,0,0
71,87,0,0
71,88,0,1
71,89,0,0
71,90,0,1
71,91,0,0
71,92,0,1
71,93,0,0
71,94,0,0
71,95,0,0
71,96,0,0
71,97,0,0
71,98,0,0
71,99,0,0
71,100,0,0
71,101,0,0
71,102,0,0
71,103,1,0
71,104,0,0
71,105,0,1
71,106,0,0
71,107,0,0
71,108,0,0
71,109,1,0
71,110,0,0
71,111,0,0
71,112,0,0
71,113,0,0
71,114,0,0
71,115,0,0
71,116,0,0
71,117,0,0
71,118,0,0
71,119,0,0
71,120,0,0
71,121,0,0
71,122,0,0
71,123,0,0
71,124,0,0
71,125,0,0
71,126,0,0
71,127,0,0
71,128,0,0
71,129,1,0
71,130,0,0
71,131,0,0
71,132,0,0
71,133,0,0
71,134,0,0
71,135,0,0
71,136,1,0
71,137,0,0
71,138,0,0
71,139,0,0
71,140,0,0
71,141,0,0
71,142,0,0
71,143,0,0
71,144,1,0
71,145,1,0
71,146,0,0
71,147,1,0
71,148,0,0
71,149,0,0
71,150,0,0
71,151,1,0
71,152,1,0
71,153,1,0
71,154,0,0
71,155,0,0
71,156,0,0
71,157,0,0
71,158,1,0
71,159,1,0
71,160,0,0
71,161,0,1
71,162,0,0
71,163,0,0
71,164,1,1
71,165,1,0
71,166,0,0
71,167,0,0
71,168,0,0
71,169,0,0
71,170,0,1
71,171,0,0
71,172,0,0
71,173,0,0
71,174,0,0
71,175,0,0
71,176,0,0
71,177,0,0
71,178,0,0
71,179,0,0
71,180,1,0
71,181,1,0
71,182,0,0
71,183,0,0
71,184,0,0
71,185,0,0
71,186,0,0
71,187,0,0
71,188,0,0
71,189,1,0
71,190,1,0
71,191,0,0
71,192,0,1
71,193,0,0
71,194,0,0
71,195,0,1
71,196,0,0
71,197,1,0
71,198,0,0
71,199,0,0
71,200,0,1
71,201,1,0
71,202,0,0
71,203,0,0
71,204,0,0
71,205,0,0
71,206,0,0
71,207,0,0
71,208,0,0
71,209,0,0
71,210,0,0
71,211,0,0
71,212,1,0
71,213,0,0
71,214,0,1
71,215,0,0
71,216,0,0
71,217,0,0
71,218,0,0
71,219,0,0
71,220,0,0
71,221,0,0
71,222,0,0
72,0,0,0
72,1,0,0
72,2,0,0
72,3,0,0
72,4,0,0
72,5,0,0
72,6,0,0
72,7,1,0
72,8,1,0
72,9,0,0
72,10,1,1
72,11,0,0
72,12,0,0
72,13,0,0
72,14,0,1
72,15,0,1
72,16,0,0
72,17,0,0
72,18,0,0
72,19,0,0
72,20,0,0
72,21,0,1
72,22,1,0
72,23,0,0
72,24,0,0
72,25,0,0
72,26,0,0
72,27,0,0
72,28,0,0
72,29,0,1
72,30,0,0
72,31,0,1
72,32,0,0
72,33,0,0
72,34,1,0
72,35,0,0
72,36,0,0
72,37,0,0
72,38,0,0
72,39,0,0
72,40,0,0
72,41,0,0
72,42,0,0
72,43,1,0
72,44,0,0
72,45,0,0
72,46,0,0
72,47,0,0
72,48,0,0
72,49,0,0
72,50,0,0
72,51,0,0
72,52,0,0
72,53,0,0
72,54,1,0
72,55,0,0
72,56,0,0
72,57,0,0
72,58,0,0
72,59,0,0
72,60,0,0
72,61,0,0
72,62,0,1
72,63,0,0
72,64,1,0
72,65,1,0
72,66,0,0
72,67,1,0
72,68,1,0
72,69,0,0
72,70,0,1
72,71,0,0
72,72,0,0
72,73,0,0
72,74,0,0
72,75,0,0
72,76,0,0
72,77,0,0
72,78,0,0
72,79,1,0
72,80,0,0
72,81,0,1
72,82,0,0
72,83,0,0
72,84,0,0
72,85,0,1
72,86,0,0
72,87,0,0
72,88,0,1
72,89,0,0
72,90,0,0
72,91,0,0
72,92,0,0
72,93,0,0
72,94,0,0
72,95,0,0
72,96,0,1
72,97,0,0
72,98,0,0
72,99,0,0
72,100,1,0
72,101,0,0
72,102,0,0
72,103,0,0
72,104,0,1
72,105,0,0
72,106,0,0
72,107,0,1
72,108,0,0
72,109,0,0
72,110,0,0
72,111,0,0
72,112,0,0
72,113,0,0
72,114,0,0
72,115,0,0
72,116,0,0
72,117,1,0
72,118,0,0
72,119,0,0
72,120,0,1
72,121,1,1
72,122,0,1
72,123,0,0
72,124,0,1
72,125,0,0
72,126,0,0
72,127,0,0
72,128,0,1
72,129,0,0
72,130,0,0
72,131,0,1
72,132,0,1
72,133,0,0
72,134,0,0
72,135,1,0
72,136,0,0
72,137,0,0
72,138,0,0
72,139,0,0
72,140,0,0
72,141,0,1
72,142,0,0
72,143,0,0
72,144,0,0
72,145,0,0
72,146,0,1
72,147,0,0
72,148,0,0
72,149,0,0
72,150,0,1
72,151,0,0
72,152,0,0
72,153,0,0
72,154,0,0
72,155,0,0
72,156,0,0
72,157,1,1
72,158,1,1
72,159,0,0
72,160,0,0
72,161,0,0
72,162,1,0
72,163,0,0
72,164,1,0
72,165,0,0
72,166,0,0
72,167,0,0
72,168,0,0
72,169,0,0
72,170,0,1
72,171,0,1
72,172,0,0
72,173,0,0
74,0,0,0
74,1,0,0
74,2,0,0
74,3,0,0
74,4,0,1
74,5,0,0
74,6,0,1
74,7,0,1
74,8,1,0
74,9,0,0
74,10,0,0
74,11,0,0
74,12,0,0
74,13,0,0
74,14,0,0
74,15,0,0
74,16,0,0
74,17,0,0
74,18,0,0
74,19,0,0
74,20,0,0
74,21,0,0
74,22,0,1
74,23,0,1
74,24,0,0
74,25,0,0
74,26,0,0
74,27,0,0
74,28,0,0
74,29,0,1
74,30,0,1
74,31,0,1
74,32,0,0
74,33,0,1
74,34,0,0
74,35,0,0
74,36,0,1
74,37,0,1
74,38,0,1
74,39,0,0
74,40,0,0
74,41,0,1
74,42,0,1
74,43,1,0
74,44,0,0
74,45,0,0
74,46,1,0
74,47,1,1
74,48,0,0
74,49,1,0
74,50,1,0
74,51,1,1
74,52,0,0
74,53,0,0
74,54,0,0
74,55,0,0
74,56,0,0
74,57,0,0
74,58,0,0
74,59,1,0
74,60,0,0
74,61,0,0
74,62,0,0
74,63,0,0
74,64,0,0
74,65,0,0
74,66,0,0
74,67,0,0
74,68,0,0
74,69,1,0
74,70,0,0
74,71,0,0
74,72,0,0
74,73,0,0
74,74,0,0
74,75,0,0
74,76,0,1
74,77,0,0
74,78,0,0
74,79,0,0
74,80,0,1
74,81,0,0
74,82,0,0
74,83,0,0
74,84,0,1
74,85,0,1
74,86,0,0
74,87,0,0
74,88,0,0
74,89,0,0
74,90,0,0
74,91,0,1
74,92,0,1
74,93,0,0
74,94,0,0
74,95,0,1
74,96,0,1
74,97,0,0
74,98,0,1
74,99,0,0
74,100,0,1
74,101,1,0
74,102,0,1
74,103,0,0
74,104,0,0
74,105,0,1
74,106,0,0
74,107,0,0
74,108,0,0
74,109,0,0
74,110,0,0
74,111,0,0
74,112,0,1
74,113,0,0
74,114,0,0
74,115,0,0
74,116,0,0
74,117,1,0
74,118,0,0
74,119,0,1
74,120,0,0
74,121,0,0
74,122,0,0
74,123,0,0
74,124,0,0
74,125,0,0
74,126,0,0
74,127,0,1
74,128,0,0
74,129,0,0
74,130,0,0
74,131,1,0
74,132,0,0
74,133,0,0
74,134,0,0
74,135,1,0
74,136,0,0
74,137,0,0
74,138,0,0
74,139,0,0
74,140,0,1
74,141,0,0
74,142,0,1
74,143,0,0
74,144,0,1
74,145,0,0
74,146,0,0
74,147,0,0
74,148,0,0
74,149,1,0
74,150,0,0
74,151,0,1
74,152,0,1
74,153,0,0
74,154,0,0
74,155,0,0
74,156,0,0
74,157,0,1
74,158,0,0
74,159,0,0
74,160,0,0
74,161,0,0
74,162,0,0
74,163,0,0
74,164,0,1
74,165,0,1
74,166,1,0
74,167,0,0
74,168,0,0
74,169,0,1
74,170,1,0
74,171,0,0
